-- phpMyAdmin SQL Dump
-- version 4.8.3
-- https://www.phpmyadmin.net/
--
-- Host: 127.0.0.1
-- Generation Time: Dec 08, 2018 at 05:18 AM
-- Server version: 10.1.36-MariaDB
-- PHP Version: 7.2.11

SET SQL_MODE = "NO_AUTO_VALUE_ON_ZERO";
SET AUTOCOMMIT = 0;
START TRANSACTION;
SET time_zone = "+00:00";


/*!40101 SET @OLD_CHARACTER_SET_CLIENT=@@CHARACTER_SET_CLIENT */;
/*!40101 SET @OLD_CHARACTER_SET_RESULTS=@@CHARACTER_SET_RESULTS */;
/*!40101 SET @OLD_COLLATION_CONNECTION=@@COLLATION_CONNECTION */;
/*!40101 SET NAMES utf8mb4 */;

--
-- Database: `echo`
--

-- --------------------------------------------------------

--
-- Table structure for table `comments`
--

CREATE TABLE `comments` (
  `id` int(10) UNSIGNED NOT NULL,
  `user_id` int(10) UNSIGNED NOT NULL,
  `post_id` int(10) UNSIGNED NOT NULL,
  `body` text COLLATE utf8mb4_unicode_ci NOT NULL,
  `created_at` timestamp NULL DEFAULT NULL,
  `updated_at` timestamp NULL DEFAULT NULL
) ENGINE=InnoDB DEFAULT CHARSET=utf8mb4 COLLATE=utf8mb4_unicode_ci;

--
-- Dumping data for table `comments`
--

INSERT INTO `comments` (`id`, `user_id`, `post_id`, `body`, `created_at`, `updated_at`) VALUES
(1, 1, 10, 'This is our first comment', '2018-12-05 17:30:00', '2018-12-05 17:30:00'),
(2, 1, 2, 'Hello !', '2018-12-05 17:30:00', '2018-12-05 17:30:00'),
(3, 2, 2, 'Hey ! That is good..', '2018-12-06 17:30:00', '2018-12-06 17:30:00'),
(4, 1, 2, 'aewaf', '2018-12-06 22:49:30', '2018-12-06 22:49:30'),
(5, 1, 2, 'This is fourth comments Guy !!!', '2018-12-06 22:50:10', '2018-12-06 22:50:10'),
(6, 1, 10, 'Hey !! Good Guy ...', '2018-12-06 22:50:28', '2018-12-06 22:50:28'),
(7, 1, 10, 'Hey ! Good friend.', '2018-12-07 00:08:53', '2018-12-07 00:08:53'),
(8, 2, 10, 'Ethyl Bergnaum .. How R U..', '2018-12-07 00:09:17', '2018-12-07 00:09:17'),
(9, 1, 10, 'Hello ! Bro ?', '2018-12-07 00:48:09', '2018-12-07 00:48:09'),
(10, 1, 10, 'Hello ! Bro ?', '2018-12-07 00:48:09', '2018-12-07 00:48:09'),
(11, 1, 10, 'aaaaaaaaa', '2018-12-07 00:51:03', '2018-12-07 00:51:03'),
(12, 1, 10, 'bbbbbbbbb', '2018-12-07 00:57:28', '2018-12-07 00:57:28'),
(13, 1, 10, 'agsavsag', '2018-12-07 01:06:46', '2018-12-07 01:06:46'),
(14, 1, 10, 'ccccccc', '2018-12-07 01:11:05', '2018-12-07 01:11:05'),
(15, 1, 10, 'ddddd', '2018-12-07 01:13:37', '2018-12-07 01:13:37'),
(16, 1, 10, 'dddddd', '2018-12-07 01:17:09', '2018-12-07 01:17:09'),
(17, 1, 10, 'aaa', '2018-12-07 01:28:45', '2018-12-07 01:28:45'),
(18, 1, 10, 'hi', '2018-12-07 01:29:10', '2018-12-07 01:29:10'),
(19, 1, 10, 'Hello', '2018-12-07 01:29:24', '2018-12-07 01:29:24'),
(20, 1, 1, 'hi..good guy..', '2018-12-07 01:30:51', '2018-12-07 01:30:51'),
(21, 4, 1, 'Oh Yeah ! guy.', '2018-12-07 01:31:07', '2018-12-07 01:31:07'),
(22, 1, 1, 'how r u?', '2018-12-07 01:36:46', '2018-12-07 01:36:46'),
(23, 4, 1, 'Yes .. Fuck U', '2018-12-07 01:36:56', '2018-12-07 01:36:56'),
(24, 1, 1, 'hey.....', '2018-12-07 01:39:17', '2018-12-07 01:39:17'),
(25, 4, 1, 'wefawef', '2018-12-07 01:39:59', '2018-12-07 01:39:59'),
(26, 1, 1, 'eeeeee', '2018-12-07 01:41:07', '2018-12-07 01:41:07'),
(27, 1, 1, 'eeee', '2018-12-07 01:42:16', '2018-12-07 01:42:16'),
(28, 1, 1, 'hello .. anybody ..', '2018-12-07 02:05:07', '2018-12-07 02:05:07'),
(29, 11, 1, 'hey..guy !', '2018-12-07 02:12:40', '2018-12-07 02:12:40'),
(30, 1, 1, 'Hi..	\nPolly Bauch', '2018-12-07 02:17:05', '2018-12-07 02:17:05'),
(31, 11, 1, 'yes , Ethyl Bergnaum', '2018-12-07 02:17:28', '2018-12-07 02:17:28'),
(32, 11, 1, 'Hey..\nAnybody Guy..', '2018-12-07 02:18:36', '2018-12-07 02:18:36'),
(33, 1, 3, 'Hello.. \nguys ..', '2018-12-07 02:21:44', '2018-12-07 02:21:44'),
(34, 6, 3, 'helly .\nEthyl Bergnaum`', '2018-12-07 02:22:04', '2018-12-07 02:22:04'),
(35, 7, 3, 'hello..\nEthyl Bergnaum', '2018-12-07 02:22:12', '2018-12-07 02:22:12'),
(36, 1, 3, 'Hello .\nguy !', '2018-12-07 03:01:33', '2018-12-07 03:01:33'),
(37, 1, 3, 'hhhhhh', '2018-12-07 03:02:42', '2018-12-07 03:02:42'),
(38, 1, 3, 'Ha haha', '2018-12-07 03:09:00', '2018-12-07 03:09:00'),
(39, 12, 3, 'He He', '2018-12-07 21:39:03', '2018-12-07 21:39:03'),
(40, 12, 3, 'bbbbb', '2018-12-07 21:40:18', '2018-12-07 21:40:18'),
(41, 12, 3, 'hey !!!', '2018-12-07 21:43:52', '2018-12-07 21:43:52'),
(42, 12, 3, 'Hoe Hoe !', '2018-12-07 21:44:53', '2018-12-07 21:44:53');

-- --------------------------------------------------------

--
-- Table structure for table `migrations`
--

CREATE TABLE `migrations` (
  `id` int(10) UNSIGNED NOT NULL,
  `migration` varchar(191) COLLATE utf8mb4_unicode_ci NOT NULL,
  `batch` int(11) NOT NULL
) ENGINE=InnoDB DEFAULT CHARSET=utf8mb4 COLLATE=utf8mb4_unicode_ci;

--
-- Dumping data for table `migrations`
--

INSERT INTO `migrations` (`id`, `migration`, `batch`) VALUES
(1, '2014_10_12_000000_create_users_table', 1),
(2, '2014_10_12_100000_create_password_resets_table', 1),
(3, '2017_12_07_213528_create_posts_table', 1),
(4, '2018_12_06_083251_create_comments_table', 2);

-- --------------------------------------------------------

--
-- Table structure for table `password_resets`
--

CREATE TABLE `password_resets` (
  `email` varchar(191) COLLATE utf8mb4_unicode_ci NOT NULL,
  `token` varchar(191) COLLATE utf8mb4_unicode_ci NOT NULL,
  `created_at` timestamp NULL DEFAULT NULL
) ENGINE=InnoDB DEFAULT CHARSET=utf8mb4 COLLATE=utf8mb4_unicode_ci;

-- --------------------------------------------------------

--
-- Table structure for table `posts`
--

CREATE TABLE `posts` (
  `id` int(10) UNSIGNED NOT NULL,
  `user_id` bigint(20) UNSIGNED NOT NULL,
  `title` varchar(191) COLLATE utf8mb4_unicode_ci NOT NULL,
  `content` text COLLATE utf8mb4_unicode_ci NOT NULL,
  `published` tinyint(1) NOT NULL DEFAULT '0',
  `created_at` timestamp NULL DEFAULT NULL,
  `updated_at` timestamp NULL DEFAULT NULL
) ENGINE=InnoDB DEFAULT CHARSET=utf8mb4 COLLATE=utf8mb4_unicode_ci;

--
-- Dumping data for table `posts`
--

INSERT INTO `posts` (`id`, `user_id`, `title`, `content`, `published`, `created_at`, `updated_at`) VALUES
(1, 1, 'Eligendi at deserunt harum nam deleniti.', 'Ex et quo ab ea id et voluptas. Et sapiente cum repellendus ut et. Occaecati voluptates quos voluptatibus earum occaecati molestiae. Nesciunt et vel iste ex omnis sit.\n\nSaepe molestias optio omnis et. Cumque ut hic dolor. Repellat cupiditate et quo architecto ipsam eos cupiditate. Sint sed commodi et consequatur sit.\n\nBlanditiis quaerat commodi ad sed et cupiditate saepe. Nemo dolorum rerum in ea omnis suscipit. Ducimus sequi consequatur soluta dolorem adipisci enim aut. Aliquam aut corporis mollitia quis voluptas autem.\n\nCum earum et nemo et. Deserunt modi et esse qui culpa iste natus. Qui minima labore ducimus placeat qui.\n\nQuo iste corporis et voluptatem ipsum aut. Odio aliquid numquam suscipit et beatae et sapiente numquam. Quaerat voluptatem nesciunt error quidem. Officiis est sit illum in asperiores voluptatem id.\n\nConsectetur libero veniam at earum aut magni esse. Qui eos eum et est. Eius voluptatibus vel quidem et vitae.', 1, '2018-12-06 00:32:54', '2018-12-06 00:32:54'),
(2, 1, 'Qui aut voluptas impedit ad quis nam.', 'Qui et sequi ex at. Aliquid numquam odit dolorem ut. Eos exercitationem voluptatibus amet et nulla. Eum facilis laudantium ipsa sit sed.\n\nNam omnis praesentium et voluptatem tenetur. Quia assumenda ea quis. Veritatis esse quia fugiat itaque est.\n\nRerum aut a itaque quod deleniti. Consequatur deserunt suscipit quia autem eius laudantium. Et quibusdam ut rem rem necessitatibus ut quia.', 1, '2018-12-06 00:32:54', '2018-12-06 00:32:54'),
(3, 1, 'Rerum et dolores molestias doloremque qui inventore.', 'Sed perspiciatis non reiciendis dignissimos voluptatum odit. Hic sed consequatur sit consectetur minus dolor ipsam. Voluptas vero sed et accusamus expedita eos. Architecto assumenda odit dignissimos quae et ut pariatur. Quod dolorum qui quod quo.\n\nEnim ad nulla eos et magni ipsam omnis. Necessitatibus est rerum molestias. Mollitia dolorem occaecati consectetur et ratione.\n\nQuo sit suscipit culpa sit distinctio molestias ut. Voluptates autem quia id. Qui qui magnam autem eum reprehenderit in.\n\nFugit suscipit cumque et voluptates. Libero vero eius autem rerum voluptate. Harum quo omnis odit in velit velit possimus corporis.', 0, '2018-12-06 00:32:54', '2018-12-06 00:32:54'),
(4, 1, 'Eos perferendis mollitia saepe est aut assumenda.', 'Eos ipsa ullam iste beatae. In ex velit in dolores. Iusto in placeat et et minima voluptatem veniam.\n\nSed adipisci sit neque ratione voluptatem repellat ea. Aperiam esse id dolores vitae ipsa in. Et ut nam rem perspiciatis rerum doloribus laborum.\n\nAutem sed adipisci qui voluptas tenetur. Maiores optio adipisci sed eligendi nihil saepe. Aliquam ipsam voluptatibus accusantium repudiandae ex aut molestiae.\n\nHarum voluptatem autem ad. Rerum aut nostrum doloribus eos. Saepe et omnis magni.', 0, '2018-12-06 00:32:54', '2018-12-06 00:32:54'),
(5, 2, 'Deserunt ducimus molestiae temporibus eos.', 'Eaque cupiditate fuga est accusamus omnis. Voluptates quasi velit voluptate dignissimos sed ipsa. Ut et veritatis non error error et soluta. Illo est dignissimos blanditiis repellat molestiae molestiae.\n\nFuga dolores et aspernatur voluptatem dignissimos perferendis. Quis error officia tempore dolorem doloribus ea consequatur. Et reprehenderit similique doloribus libero earum.\n\nOdit molestiae dolorem autem tenetur. Fuga id ratione dolor tempora. Doloremque libero at voluptatum aut. Quasi corporis fugit sed et eligendi sit.\n\nNumquam praesentium laudantium architecto atque quis. Voluptas voluptas facere ea et voluptas incidunt. Amet sed sapiente aut eligendi et error architecto.', 1, '2018-12-06 00:32:54', '2018-12-06 00:32:54'),
(6, 2, 'Sapiente maxime quasi nulla ab sed necessitatibus est.', 'Rerum quasi laboriosam inventore voluptatibus nulla. Veritatis praesentium aut natus est culpa. Molestiae distinctio deleniti fuga voluptates amet. Quasi excepturi exercitationem ea.\n\nAdipisci excepturi velit maiores animi minus dolores mollitia. Eum quas tenetur et ratione dolorem optio atque officia. Modi quos voluptas modi velit.\n\nQuae in nulla suscipit accusamus animi esse asperiores. Reprehenderit quia deserunt qui.\n\nDolor omnis sit inventore odit ducimus. Voluptas corporis qui sed earum. Vero sit incidunt eius corporis est. Veniam voluptas temporibus est est nisi et error.\n\nQui assumenda esse rerum nemo quo. Magni earum aut aut voluptas quod in sint. Eos eum commodi expedita debitis eveniet doloribus totam. Ullam voluptas quisquam cumque reiciendis velit voluptas.\n\nCorporis minus odit facilis velit nemo magni. Molestiae harum libero impedit rerum magnam laboriosam ab sunt. Repudiandae et architecto a architecto iste.\n\nOmnis facilis voluptas excepturi quia. Alias quaerat accusantium aliquam quod quia. Laborum quod doloremque adipisci laborum in possimus. Quas eius quia eveniet qui sint sunt tempore.\n\nHarum corrupti sapiente assumenda. Quibusdam ducimus esse est aut nisi similique quos. Dolore quia sint reiciendis est ducimus veniam. Ratione aut dolores ratione pariatur fugit excepturi.\n\nRepudiandae est et enim est non reiciendis. Quia optio rerum occaecati laudantium et nostrum vel. Delectus omnis quia ut iste.\n\nVel asperiores repellat eos deleniti aut sit ullam voluptas. Ab aliquam voluptatibus aut rerum nisi iusto. Dolores quisquam dolorem odit eos iste quia illum architecto.', 0, '2018-12-06 00:32:54', '2018-12-06 00:32:54'),
(7, 2, 'Sit et repudiandae sunt ipsa dolor.', 'Nemo repellendus omnis at rerum. Ut tempore quo qui quam. Qui qui ut et sunt earum. Nihil voluptatem optio ut aut.\n\nModi quis facilis molestias. Illum laudantium incidunt ut iusto et aut. Laudantium quis non saepe aut corporis aut nulla.\n\nEnim consequatur voluptatum molestiae ipsam. Voluptates voluptatem dolorem sunt fuga odio. Deleniti quaerat laboriosam ut totam et maxime reprehenderit. Cumque libero fuga omnis aut aspernatur modi.', 1, '2018-12-06 00:32:54', '2018-12-06 00:32:54'),
(8, 2, 'Sit cum numquam dolor assumenda.', 'Magni veniam qui et assumenda. Repellat enim nostrum recusandae minima voluptates. Sed dolore non maiores hic. Deleniti omnis rerum blanditiis nostrum.\n\nVoluptas inventore laudantium occaecati earum et. Vel velit voluptatem et. Autem repudiandae repellendus magni sed ut consectetur repellendus. Eligendi ut ut voluptas ipsa laboriosam.\n\nVoluptas et dignissimos autem illo omnis qui quia. Voluptatem est eligendi architecto itaque dignissimos aut corporis culpa. Itaque qui corrupti sunt nobis omnis sunt dolores. Quo dolorem fugiat qui autem in tenetur. Et est porro cumque.\n\nLabore libero harum deserunt quisquam numquam qui pariatur. Asperiores eligendi dolore illo voluptas voluptas omnis vitae. Quaerat ad pariatur illum fuga dolorem minus. Fugit quia quia neque consequatur rerum totam eum. Sit praesentium molestiae ea vel explicabo quis doloribus atque.\n\nEt beatae aut autem in omnis placeat repellat. Et laudantium illo aut molestias non. Ipsum quod laudantium in voluptatibus est consequatur deleniti. Voluptatem quam officia sint deleniti sit.\n\nUnde cum pariatur ut ut. Voluptas et quasi nihil praesentium. Ea et fugiat sit aliquam expedita est. Voluptatem omnis sequi saepe laborum voluptatem deserunt itaque quibusdam.\n\nEa facere accusamus et. Recusandae est totam sunt natus iusto dolor.\n\nMinima voluptas id earum quas fugit. Maxime ea vel aut. Veniam delectus numquam accusantium dolorum nemo sit.\n\nEum nihil quo dicta at distinctio qui. Fugiat ducimus beatae eos aliquam qui. Sit quos sit officiis adipisci.\n\nQuisquam ea quod laudantium qui voluptas maiores. Nobis adipisci cumque minima blanditiis. Accusantium numquam architecto qui vitae.', 0, '2018-12-06 00:32:54', '2018-12-06 00:32:54'),
(9, 3, 'Placeat hic velit qui quis fugit.', 'Quo quod sint adipisci. Aut totam culpa et nihil. Velit incidunt itaque saepe minus.\n\nSint perferendis quisquam ipsum aut labore nobis. Et eum et sit ab alias consequatur. Iure numquam blanditiis voluptatibus rem minima eum laboriosam sed.\n\nCumque explicabo facere voluptatem ut necessitatibus rem. Nemo minima qui dolorem laborum sit distinctio. Illo voluptas a consequuntur nisi non. Vel dolorem repellendus facere placeat iste.\n\nQuo explicabo vel error quo voluptatibus similique est. Eligendi corporis autem enim qui.\n\nEarum cumque pariatur voluptas animi. Totam ut eligendi ipsum consequatur exercitationem non nemo. Nemo autem maxime eum voluptates maiores quod eos. Esse aut assumenda asperiores cupiditate eius magni.\n\nAlias suscipit error molestias rem odit corporis est. Illo quis tempora impedit tenetur sunt. A aperiam et cumque aspernatur. Eum quia maiores nulla quidem ut non id animi.', 1, '2018-12-06 00:32:54', '2018-12-06 00:32:54'),
(10, 3, 'Exercitationem enim quo dolores porro delectus et.', 'Corporis provident veniam ipsa itaque perferendis quibusdam voluptatem. Doloribus aut nemo et blanditiis. Esse nemo totam aut omnis. Repellendus vel labore tempore cupiditate. Possimus autem at est.\n\nNon iste perferendis rerum eum omnis amet. Tempore possimus nobis vitae consequuntur. Enim id provident ab nihil excepturi rerum tenetur.\n\nCommodi nobis molestiae aut ut asperiores consequatur. Exercitationem ipsam accusantium quisquam dolor.\n\nEt aut aut voluptas nam vel repellat. Sint ut asperiores assumenda qui ab. Perspiciatis dolorem molestiae libero dolores magnam ad. Explicabo qui est eum sunt.\n\nAtque enim quibusdam mollitia odio ipsum facilis soluta. Architecto qui error neque quam temporibus commodi. Quaerat natus quaerat maiores quam ut rerum repellat. Ipsa non accusantium qui unde aperiam sed.\n\nSint qui iste sed dolores ut eos et. Possimus voluptatem possimus optio. Quasi occaecati corrupti ut in consequatur. Provident nostrum laborum magnam molestiae.', 1, '2018-12-06 00:32:54', '2018-12-06 00:32:54'),
(11, 3, 'Beatae et dolores repellendus qui accusantium aperiam dicta.', 'Est maxime alias minus sequi sunt qui eaque. Excepturi voluptas et recusandae commodi nihil ut deserunt. Praesentium et dolorum similique debitis doloremque dolorem ut. Atque similique aut quae amet.\n\nMaiores error quo a aut in dolore dignissimos. Quidem est nam laboriosam magni ut laborum dolores minima. Repudiandae qui quia maxime ipsum nihil sint enim reprehenderit.\n\nA minima accusamus ratione. Ut consequuntur possimus quod culpa excepturi ut perferendis. Qui dolorum ipsam occaecati sed.\n\nUt voluptas et cupiditate ad in cumque. Dolorum magni delectus minus modi autem alias sit. Voluptatem repellat dicta expedita.\n\nAd sed recusandae porro delectus commodi cupiditate. Eum ullam minima incidunt quia asperiores aut. Aliquam ea non non omnis molestias.\n\nVel vero tenetur aperiam sit. Similique architecto sequi harum quidem eligendi delectus commodi odit. Itaque autem quibusdam ipsa voluptatem molestiae in est.\n\nIste eum eum eius fuga. Eos est et non aut. Fugit ab excepturi asperiores ut explicabo.\n\nNeque perferendis consequatur enim necessitatibus maxime animi excepturi repellat. Molestiae ut adipisci reprehenderit cum in consequatur. Dolore maxime quasi eveniet sint dicta iure.\n\nQuas similique odio enim. Maxime ducimus consequatur praesentium repellat sit consequatur. Consequatur nihil sapiente consequatur qui consectetur vel nam. Sunt sit vel sit velit accusamus alias ut.', 0, '2018-12-06 00:32:54', '2018-12-06 00:32:54'),
(12, 3, 'Dolores consequatur praesentium autem rerum.', 'Laboriosam quo asperiores quis earum. Rerum quis praesentium modi deserunt reiciendis odit culpa inventore. Est deserunt in quibusdam in in eaque aut. Ut vitae temporibus exercitationem velit quisquam corrupti cumque ducimus.\n\nId nihil inventore possimus enim et iure. Qui similique quibusdam omnis quisquam quos hic. Earum iste velit facilis impedit et.\n\nAut et accusantium amet fuga sed doloremque. Ipsam est illum amet dignissimos. Ratione officiis non quisquam assumenda corporis omnis voluptatem. Dolor suscipit et aut.\n\nAspernatur quidem veniam quis. Totam et dolores tenetur. Voluptatum enim at expedita totam.\n\nQuae et sapiente consequatur est deleniti. Temporibus sunt praesentium odit itaque soluta aut. A ipsam fuga cum et optio delectus laudantium.\n\nDeserunt sit et facere ut itaque quis quae est. Cupiditate et animi architecto asperiores. Incidunt quia non maxime. Mollitia suscipit repellat quibusdam fuga illo magni quia.\n\nMagni officia reprehenderit pariatur reprehenderit aut officiis. Non et consequatur ducimus aut. Quaerat in omnis voluptatum nemo debitis sed.\n\nOmnis nostrum in quisquam ab neque eos. Repellendus quibusdam voluptas sapiente.\n\nAut eum beatae repellendus est numquam veniam. Accusantium nulla temporibus numquam quia a a. Ipsam eos omnis repellat in ipsa.\n\nSit necessitatibus odio id ea itaque est. Laboriosam velit sequi quidem tenetur sit. Ex adipisci nostrum sit consequatur architecto aut.', 1, '2018-12-06 00:32:54', '2018-12-06 00:32:54'),
(13, 4, 'Necessitatibus et dolores suscipit tenetur fuga tenetur vitae.', 'Consequatur nostrum enim perferendis eos. Dolorem sint soluta debitis aperiam perspiciatis. Corrupti eveniet non repellat earum.\n\nSaepe et rem incidunt corrupti. Tempore et inventore eos error. Enim sit repellendus repellat est velit odio qui. Occaecati ad magni dolorem commodi deleniti velit.\n\nEst harum ullam ea. Quia iure hic nihil impedit iure ut. Qui provident quam deserunt voluptatum officia odio dolores. Deleniti qui sapiente sint qui.\n\nRecusandae nostrum amet error aut molestias natus expedita. Ipsum voluptas at qui in quia dignissimos. Recusandae et sit fugiat sint ducimus non delectus.\n\nNostrum voluptate non illo deserunt qui rerum voluptas assumenda. Rem tenetur atque numquam qui velit maiores ea. Dolores fuga aliquam odio molestias corrupti consequatur.', 0, '2018-12-06 00:32:54', '2018-12-06 00:32:54'),
(14, 4, 'Dolorum quis deleniti ea nemo cum quae.', 'Eligendi adipisci minima dignissimos dolorem eos. Architecto enim nihil minima saepe. Fugit et quo impedit vitae voluptas delectus. Laborum in neque facilis commodi minus.\n\nNon et sit voluptas quis. Quidem dolor fugiat perferendis voluptatem hic corrupti. Praesentium ullam rem minima. Molestiae molestiae accusantium totam beatae dignissimos voluptas.\n\nLaborum cumque possimus dolor quo quia repellat ipsum. Ut molestiae ab qui aut suscipit odit. Quia pariatur aliquid eius maxime est natus. Aut dicta necessitatibus molestias libero.\n\nReiciendis non eum reprehenderit quasi enim numquam rerum. Consequuntur reiciendis id molestiae porro amet. Autem cupiditate a aperiam ex et veniam.\n\nNon aperiam eius saepe aut voluptatem. Suscipit aut eligendi dignissimos vero officiis nulla. Natus ea sint dolores nihil. Exercitationem quisquam quia illum voluptatem tenetur sed ipsa dolorem.\n\nVoluptates eos enim porro dolores porro quasi non. Velit non nihil enim atque quae consectetur. Consequatur aliquam est facere dolorem.\n\nQuidem reprehenderit natus rerum eaque. Quo in assumenda ut. Quo et nostrum rerum possimus ad. Sit hic voluptatum numquam sit.\n\nTenetur rerum veritatis eveniet accusantium placeat. Animi quasi quis saepe beatae et. Vero ea et suscipit porro expedita voluptas. A reiciendis a magni laborum animi.', 1, '2018-12-06 00:32:54', '2018-12-06 00:32:54'),
(15, 4, 'Atque et corporis ad dignissimos quam nostrum aliquam.', 'Esse ad beatae sequi qui repellendus veniam. Ea doloribus exercitationem doloremque ea. Et quia corrupti numquam eum dolor aut natus. Eaque praesentium est amet quidem tempore et id.\n\nMaxime neque minima magni fugiat cumque cupiditate. Qui totam excepturi incidunt autem itaque consequuntur consequatur. Voluptas aliquid nobis esse non quia commodi quaerat. Soluta reprehenderit illum distinctio aperiam est quisquam non at.\n\nVoluptates soluta non modi iste fugit ratione non. Numquam iusto qui voluptatem sit et. Ut eos distinctio natus iste quo optio.\n\nAperiam quis vero ut itaque sit reiciendis. Porro vel optio alias ut mollitia quidem. Voluptas voluptas doloribus saepe numquam in occaecati esse. Aperiam aut deserunt autem voluptates in voluptas ipsam omnis.\n\nQuia vitae voluptate molestiae eaque. Tempore itaque aperiam autem vel. Quod nihil labore veniam.\n\nTotam assumenda praesentium fugiat voluptas eaque sit dolorum. Rerum porro nam ea rerum nam quis odit. Rerum sapiente libero odit eligendi sed perspiciatis enim alias.\n\nFuga aut quisquam quibusdam vel eum. Asperiores quod dignissimos temporibus necessitatibus corrupti eum ea. Eius ut laboriosam ut.\n\nEst qui optio vitae consectetur. Ut ut id qui est nihil. Non laudantium earum animi. Perspiciatis provident eligendi quibusdam.\n\nNobis repudiandae ullam explicabo ea delectus rem labore. Optio distinctio rerum et qui optio. Dicta amet quia ut optio quod.\n\nQuasi enim rerum in vel voluptatem. Cum nesciunt perspiciatis eaque sint sit quia. Sunt quo fuga sint neque.', 1, '2018-12-06 00:32:54', '2018-12-06 00:32:54'),
(16, 4, 'Doloribus officia nulla quidem ut.', 'Qui deserunt adipisci consectetur aliquid neque nostrum. Dicta enim similique veniam saepe nihil. Ducimus ipsa quas dolorem magni. Magnam suscipit est voluptates quo et.\n\nMolestiae rem consequatur officia repellendus nostrum est nobis aut. Qui delectus placeat minus. Delectus eos qui doloremque sit sunt tempora consequuntur.\n\nMolestias omnis dolores doloribus corporis illo. Culpa non eius voluptas exercitationem praesentium. Omnis atque libero perferendis similique maiores in maxime.\n\nEum fugiat amet voluptas enim repellendus. Sapiente ex suscipit perspiciatis. Expedita consectetur minima soluta impedit.\n\nSed quo consequatur id quod atque neque velit repudiandae. Et maxime alias odit voluptas dolorem vero consectetur. Iusto maiores quaerat aperiam ut. Amet id voluptate nulla vel porro.', 1, '2018-12-06 00:32:54', '2018-12-06 00:32:54'),
(17, 5, 'Soluta molestias quaerat et.', 'Deleniti quidem non quas et aut ut. Magni qui animi eius. Aut sunt aut deserunt est eum. Illo eveniet ratione ut vitae iste necessitatibus delectus.\n\nEt aliquam est laborum repellat. Omnis incidunt non debitis omnis est quia. Magni quasi assumenda libero ea neque est. Et labore omnis voluptates aut.\n\nMolestiae sunt cumque natus illum non ipsam voluptatem. Quis est voluptas dolorem dignissimos. Reiciendis odio suscipit sint exercitationem aut.\n\nTotam quasi in aliquid vero est est. Dolorum non corporis voluptatibus dolorem amet et ut voluptas. Quam non placeat unde dolorem blanditiis. Labore assumenda expedita aut incidunt aspernatur atque dignissimos vitae.\n\nSunt dolore vitae deserunt. Sed non sit voluptas rem quo. Eius laudantium asperiores dolorem. Et atque est vitae qui quia rem. Velit impedit debitis illum temporibus.\n\nAliquid repudiandae saepe iste a optio. Voluptate sunt reprehenderit impedit dolorum repellat aut. Autem provident enim et omnis corrupti. Hic est in est provident accusantium. Dolorem qui dolorem voluptatum at debitis sapiente repellat.\n\nQui aliquid id reiciendis iure. Nobis atque aut neque rerum atque ea rerum. Eligendi fugiat placeat nulla labore ea tempore impedit maxime.\n\nSunt aut sed sed. Quam est inventore velit neque. Reprehenderit nostrum voluptate cumque excepturi.', 1, '2018-12-06 00:32:54', '2018-12-06 00:32:54'),
(18, 5, 'Quaerat nobis corporis quia ut eum error.', 'Reprehenderit aliquid quis animi voluptatum et labore culpa. Vitae totam aut ut natus reiciendis eligendi et a. Nostrum harum esse autem. Iure sed est rem porro.\n\nEt beatae nisi nostrum at perspiciatis ut cupiditate. Nisi autem quia consequatur. Voluptas quidem repellat velit et ullam aut quae.\n\nVelit tenetur aut est quo veniam autem occaecati. Omnis dolorem dolorem eum natus. Iure et velit nisi fuga itaque odio.\n\nSit fugit a perspiciatis facilis id voluptas iusto. Est omnis quisquam ut dolorem quaerat necessitatibus. Deserunt et hic natus vel est facere ab.\n\nEos eius ducimus et numquam. Dignissimos ut non perferendis non. Perspiciatis impedit assumenda maxime reprehenderit debitis. Sequi nihil aut omnis consectetur ut ipsum excepturi molestiae.\n\nQuisquam quod sed voluptatem sapiente saepe voluptas ea et. Quas officia quo voluptas odio facere earum magni.\n\nDolorem eveniet omnis qui impedit deleniti. Perspiciatis consequuntur magnam nihil molestiae vitae. Quaerat sit quisquam molestias accusantium laborum tempore voluptatum.\n\nLabore necessitatibus fuga aut in. Amet tempore provident quis. Consequatur recusandae mollitia est corrupti nihil. Vel consequatur incidunt praesentium ut tempore cumque ipsam. Eos esse dolores deleniti.\n\nQuasi consectetur rem molestiae quae culpa ab. Eligendi mollitia occaecati sit odio molestiae architecto. Odio velit quis ducimus aut et consequatur nihil.', 1, '2018-12-06 00:32:54', '2018-12-06 00:32:54'),
(19, 5, 'Dolorum aut illum incidunt vero vitae.', 'Est quas molestiae similique exercitationem mollitia qui maxime. Dolore amet corporis quidem non maiores at. Ipsa est et ea.\n\nPerferendis reiciendis eius iste ullam. Voluptate nostrum molestiae aut qui. Modi harum nobis distinctio dolorem.\n\nFuga in cumque id ullam. Nobis quas est et rerum at et vel nisi. Molestiae molestiae eaque velit minus. Quos reprehenderit consequatur dolores ea veniam.\n\nInventore debitis asperiores omnis voluptatibus delectus quae. Nesciunt amet dignissimos iure minus blanditiis. Ratione consequatur hic possimus ex pariatur. Sed in amet quisquam distinctio nesciunt repellendus.\n\nImpedit ducimus in qui. Quia esse repellat ducimus quia quis voluptate. Hic consectetur atque molestias quos est eaque. Fugiat ipsa est quaerat deleniti blanditiis iure ea.\n\nQuod a nulla pariatur officiis qui. Quas rerum tempore minima et voluptatum aliquam quia. Est at aperiam repellendus ratione.\n\nFugit autem iure tempora voluptatibus libero facere. Rerum qui quasi deserunt omnis quo quibusdam in. Sint cumque omnis aspernatur dolor dolor quae. Atque est maiores minus tempore qui.\n\nOccaecati fuga perferendis saepe excepturi. Beatae aspernatur facere odit vel. Non quibusdam voluptas provident qui natus et deserunt.', 1, '2018-12-06 00:32:54', '2018-12-06 00:32:54'),
(20, 5, 'Non autem fuga aut aspernatur enim.', 'Explicabo nostrum dolorem vel vitae sed voluptatem. Laboriosam nisi voluptatem eaque aut.\n\nAb ab iste dolor. Officiis architecto et nemo sed dolor unde at minima. Qui et tempore harum quo.\n\nNemo dolor explicabo cupiditate molestiae. Sint modi animi omnis ut molestias sapiente.\n\nOccaecati sapiente eligendi facilis et eligendi totam. Dolores vel quia officia vero incidunt perferendis autem.\n\nNihil distinctio distinctio aut omnis magni. Commodi dolorum rerum debitis sequi veniam praesentium repellendus. Voluptas et quia occaecati occaecati praesentium.', 0, '2018-12-06 00:32:54', '2018-12-06 00:32:54'),
(21, 6, 'Ut voluptatibus velit unde dolor.', 'Autem quidem voluptatibus quis ea provident minima. Consequatur cupiditate deserunt deserunt sunt. Atque numquam ex sed molestiae repellendus et quaerat. Provident iure magnam harum.\n\nIste quasi voluptatem neque aperiam. Nobis omnis nisi aut voluptas. Esse est facilis quo impedit corporis. Officiis reprehenderit et dolor sunt illum ex ea. Est esse sunt et quo totam.\n\nDolorem rerum debitis minus molestiae eveniet. Molestiae animi iure voluptatem voluptas. Inventore voluptas dolorem et dolore aspernatur.\n\nPerspiciatis aspernatur ea illo quos itaque rerum et. A facilis et doloribus et. Assumenda animi dolorem autem quis et cupiditate.\n\nHic minus consequatur quia est inventore aliquam dolorem deleniti. Consequatur sit dolore accusamus corporis autem laborum quae. Ex soluta et sequi qui qui dolorem praesentium.\n\nFacere perspiciatis est ipsa doloribus aut. Sed eos consequatur omnis cumque laboriosam aut. Aut eligendi aliquid accusamus ea. Pariatur consequatur perspiciatis aut dolorem quo illum consequatur.\n\nMagnam consequuntur quis quod hic ullam et consequuntur. Iure accusantium id laborum excepturi ut expedita est. Esse iste voluptatem cupiditate et ut.\n\nMaiores laborum minima beatae quis tempore quisquam. Dolorem aliquam blanditiis quo consequatur officia sed placeat rerum. In qui nemo est voluptas. Quis fugiat sit eaque quidem. Qui delectus quis a accusantium.\n\nAt rerum sit nihil aut impedit iusto quod. Dolor consequuntur et est qui fugit nihil quia in. Quo ea numquam odit fugit sapiente enim. Non perspiciatis qui officia.\n\nIpsum quidem velit corrupti eius deleniti temporibus. Cupiditate eaque minima quia unde aspernatur laboriosam earum. Nemo esse voluptatem possimus aperiam ratione iusto.', 1, '2018-12-06 00:32:54', '2018-12-06 00:32:54'),
(22, 6, 'Voluptatibus quia omnis voluptate illum temporibus non eum.', 'Enim sunt laborum et ea nobis sed occaecati repellendus. Perferendis beatae totam laudantium quas consequatur. Saepe accusantium eligendi aut et consequatur reprehenderit.\n\nRerum illo dolores velit maxime consequatur minus. Alias facere deserunt voluptatem commodi perferendis nihil illum.\n\nCumque unde ut illo voluptas sint vel iste ut. Magnam aliquam eius ut voluptatum est. Qui occaecati repellat voluptas cupiditate quo.\n\nIpsa ducimus ratione perferendis neque. Veritatis quis rem sunt non. Facere illum laborum vel. Rerum aut tenetur cum nemo atque.\n\nSapiente laboriosam maiores quo voluptatem vel iusto. Reiciendis sit quidem exercitationem nam. Ratione ut repudiandae eius dolores dolores dolor fuga. Est atque assumenda cupiditate quo.', 0, '2018-12-06 00:32:54', '2018-12-06 00:32:54'),
(23, 6, 'Qui cumque ut eligendi ipsum.', 'Quia maiores omnis corporis at aut voluptate qui eum. Non sed magnam rerum perspiciatis. Vitae doloremque exercitationem voluptatem magni autem est.\n\nVoluptatem facere et inventore est error est magni. Aspernatur et molestiae delectus iure nesciunt temporibus ullam sunt. Nihil libero officia incidunt. Ut eos et corrupti provident alias in maxime aut.\n\nNon consequatur pariatur ea sed voluptate in occaecati voluptates. Iure expedita aut vero rem ea beatae. Qui harum est non occaecati libero.\n\nOfficia voluptas corrupti quasi repellendus. Provident ducimus aut sed. Id perspiciatis cum autem non doloribus minus.\n\nRepudiandae temporibus deleniti dolor nihil. Et omnis deleniti voluptatem. Magnam ducimus ea deleniti quaerat.\n\nDoloremque quae et et nobis ipsa molestiae veritatis. Velit repudiandae et quidem doloribus libero. In molestiae rerum magni dolore. Consequatur voluptatem fugiat labore dicta.\n\nEt adipisci optio ea temporibus iste. Quae debitis qui quod aperiam optio tempora. Officiis necessitatibus molestiae voluptas est enim magnam. Iusto minima quam delectus ut molestiae.', 0, '2018-12-06 00:32:54', '2018-12-06 00:32:54'),
(24, 6, 'Dolor nostrum tempora beatae ipsa at magni nobis et.', 'Optio est officiis tempore culpa. Ipsam ut et quibusdam occaecati suscipit. Eos velit corporis mollitia non dolore exercitationem sit.\n\nQuas dolorum mollitia quia exercitationem sed. Voluptatem illo earum consequuntur ut id cum delectus consequatur. Ratione suscipit magni id est. Nostrum libero quidem deleniti labore in aut.\n\nIste vel atque voluptas est dolores cupiditate animi amet. Ea et dolores ab sunt nobis quibusdam. Eos est exercitationem eius eum sint facilis aliquam.', 0, '2018-12-06 00:32:54', '2018-12-06 00:32:54'),
(25, 7, 'Aspernatur qui qui voluptatem et.', 'Assumenda vel fuga atque ex qui eaque corporis. Harum deserunt adipisci quidem nobis consectetur eveniet.\n\nVitae eos est vel ut nihil est quidem. Soluta recusandae consequatur nisi consequuntur magnam. Quos distinctio sunt quia expedita. Vitae deleniti eum repellendus voluptatem consectetur aperiam temporibus quis.\n\nQuas velit sit blanditiis aut sequi voluptatum est aut. Excepturi et provident dolorem sint laboriosam magni. Dignissimos rerum deleniti ea voluptas sint. Et nihil beatae et non.\n\nSunt debitis deleniti qui laboriosam. Mollitia impedit doloremque quia quos id. Voluptatibus voluptas aut nihil et omnis fuga nostrum. Aut omnis cumque culpa ut debitis atque.\n\nReiciendis beatae iure et ipsum in illo. Et aut quia est optio. Non et minus maxime exercitationem est ducimus aut. Maxime nostrum et nemo dolores nihil voluptates id accusamus.\n\nIpsum perferendis modi sit dolores beatae architecto fugiat. Temporibus consectetur accusamus non blanditiis consectetur tempora iure quas. Sit ipsam neque rerum eaque facilis sequi. Occaecati officia et quisquam tenetur occaecati tenetur iste ut.', 0, '2018-12-06 00:32:54', '2018-12-06 00:32:54'),
(26, 7, 'Rerum est accusamus non deleniti nisi fugiat deleniti.', 'Quia magni autem eaque voluptatibus quo ut. Eveniet sed debitis eos quaerat nam tempore aut. Est molestiae ea nulla ut ex et.\n\nPraesentium culpa quasi culpa. Eum recusandae vel quia nostrum ut dolores officia. Eum eum blanditiis nesciunt rerum libero molestias non. Praesentium libero qui voluptas molestiae.\n\nVel consequatur vel consectetur illo quisquam ullam. Impedit dolor quia voluptate eum aut deleniti. Deleniti labore dolorem mollitia et. Quis quam vero deserunt quod deleniti. Atque consequatur nihil et.\n\nVoluptatem voluptatem sequi corrupti iure et accusantium. Possimus aliquam voluptatem repudiandae aut dolorem sit. Quia voluptatem nostrum ab doloribus. Velit voluptas consectetur commodi aliquam minus quibusdam. Sit sunt at quo vero eos odit.\n\nAut eum nemo omnis incidunt qui officia labore alias. Quia officiis voluptatem quam explicabo sapiente. Et doloremque corporis error autem.\n\nModi fuga culpa ipsum ea reprehenderit harum quo aliquam. Dolor aspernatur quo explicabo dolorum et dolor quae. Autem dolores dolorem veritatis praesentium. Ex non et excepturi.\n\nSoluta quis voluptatem rerum ut natus praesentium quae. Quis repudiandae veritatis amet laborum. Similique repudiandae dolores perspiciatis porro veniam. Earum quo et ducimus vero dolorum nihil.\n\nSint id vel eum expedita eligendi quia consequatur qui. Sunt voluptas est temporibus inventore dicta. Cum ut velit accusamus dolor a.', 1, '2018-12-06 00:32:54', '2018-12-06 00:32:54'),
(27, 7, 'Ipsa provident eos qui quasi est.', 'Fuga placeat tenetur omnis praesentium et. In praesentium ad quis. Corporis qui repellendus placeat. Sit molestiae eum eaque. Autem odit minima id earum aperiam.\n\nMinus velit sint fuga doloremque iure omnis illo in. Vel dolorum est est et voluptas. Sed qui vitae quo odit sit odit perspiciatis perspiciatis. Vitae et enim quam adipisci aliquid aliquid aut.\n\nQui qui nihil eaque velit sunt. Esse ipsum nobis expedita possimus blanditiis aliquid. Beatae omnis aspernatur saepe quis quidem voluptas.\n\nEt eligendi debitis aliquid voluptates. Nulla et iure similique iste dolores esse. Consequatur fugit molestiae consequatur quisquam dicta.\n\nDoloremque asperiores reiciendis impedit autem accusantium ducimus earum. Nostrum quam dolores rerum consequatur omnis. Atque facilis possimus id modi sed sit ipsa. Ut explicabo facilis quia ducimus repellendus sint.\n\nQuis dolorum voluptatem minus. Blanditiis placeat molestiae nesciunt ipsa eos. Est saepe distinctio facere reprehenderit error qui nostrum. Harum perspiciatis laborum voluptatem non officia quia earum.\n\nNumquam magni similique qui reprehenderit est voluptatibus. Qui odio doloremque hic sed. Rerum maxime vel dicta aut mollitia soluta quis. Itaque consequuntur eius consectetur recusandae quisquam animi expedita.', 0, '2018-12-06 00:32:54', '2018-12-06 00:32:54'),
(28, 7, 'Dolor suscipit quisquam quasi et.', 'Molestias nobis perferendis quam aperiam. Officiis aut quisquam facilis deserunt ut eum pariatur. Aliquam quasi illum culpa ut doloremque aliquid et.\n\nNam aliquid iste natus aut. Impedit sequi enim necessitatibus laudantium ipsam. Et animi sed ut natus autem autem maiores repudiandae. Ut aut voluptatem in perferendis autem nihil quia.\n\nUt nisi molestiae optio laboriosam. A ea aut fugit enim qui odit ut. Et quia consequatur ea est neque consectetur ut. Ea mollitia eos quasi qui qui adipisci. Sed dolor incidunt deleniti recusandae omnis consequatur beatae.', 0, '2018-12-06 00:32:54', '2018-12-06 00:32:54'),
(29, 8, 'Architecto rerum fugiat mollitia distinctio optio earum labore officia.', 'Pariatur nihil et voluptates facilis necessitatibus aliquid. Non nisi magni ut dolorem. Blanditiis veniam labore repudiandae harum aut. Sapiente explicabo molestiae quis quas aliquid suscipit.\n\nPerferendis aut harum corporis. Corporis eius qui placeat. Veritatis et repellendus quia et blanditiis.\n\nUnde officia veniam dolores impedit. Repellendus in quo nostrum. Optio ratione omnis autem vero omnis enim ex.\n\nQui qui ab et perferendis. Nihil ut rem corrupti doloremque ad. Quo maiores facilis doloremque animi. Placeat animi inventore distinctio autem quo est debitis.\n\nVoluptates quibusdam quae nam. Similique rerum dolore amet beatae quia dolore dolorum. Explicabo sint nisi rerum minima debitis doloremque. Vel aut perspiciatis qui est.\n\nItaque beatae dolorem repellat ut libero beatae. Ea qui velit tempore qui. Omnis omnis tempore tempora aut. Minima suscipit quibusdam et rerum ut doloribus ducimus.\n\nCupiditate itaque sit ut vero. Quo perferendis minus omnis molestiae nobis velit quaerat incidunt. Facilis nobis in ab non voluptatibus aspernatur nam. Est ut ut sint temporibus voluptatum temporibus.', 1, '2018-12-06 00:32:54', '2018-12-06 00:32:54'),
(30, 8, 'Dolores quisquam nobis voluptatum accusamus quaerat ad tenetur.', 'Maxime sed optio velit maiores qui. Itaque ducimus quis eaque. Impedit rerum occaecati et eos. Voluptatem mollitia dolore ipsum sequi tempore assumenda ipsa. Nemo dolor sint dicta aut voluptatem sit.\n\nQuis vero fuga nostrum consequuntur. Quod molestiae voluptatem qui nobis omnis quas dicta. Voluptas voluptas eligendi id molestias aliquam.\n\nAutem et ut omnis incidunt non. Mollitia perspiciatis ea et a saepe deserunt eaque laborum. Quibusdam ut omnis quisquam dolorem qui iure veniam. Accusamus enim temporibus nostrum incidunt.\n\nQui deserunt facilis doloremque est dignissimos in. Eum occaecati soluta deserunt in voluptatem minus praesentium. Assumenda qui ex quas repellat qui sapiente. Enim deleniti accusantium fuga voluptatem voluptatibus ad laboriosam.\n\nEsse consectetur occaecati non nesciunt dignissimos voluptates earum. Aut amet voluptatem necessitatibus in molestias enim. Similique nostrum eveniet optio dolores quas neque.\n\nCum reprehenderit quia excepturi qui rem provident animi voluptates. Amet qui nulla iure. Aut est quis voluptatem.\n\nRerum nobis voluptates maxime non reiciendis magni. Voluptas cum illo sed tenetur veritatis labore. Nobis quas pariatur illum ut eligendi et dolore. Animi repellendus quibusdam voluptas voluptate velit odit similique.\n\nNemo qui consectetur sint quam hic. Laboriosam quam necessitatibus et non ducimus modi exercitationem occaecati. Esse eum eos quia aut ex atque pariatur.', 0, '2018-12-06 00:32:54', '2018-12-06 00:32:54'),
(31, 8, 'Voluptatem totam laudantium non optio dolores qui.', 'Tempore at reprehenderit maxime. Provident maxime iusto fugiat corrupti officiis nobis ex.\n\nDolore natus sapiente sunt consequatur quaerat quod non. Quod harum dignissimos eos dolor quos et qui. Culpa dolore et quos et. Omnis quam nihil fugiat eaque dolorem et.\n\nSit eius commodi doloribus quos magnam atque. Ut maxime modi eligendi repellendus. Incidunt quia unde culpa culpa et commodi. Ut maxime perspiciatis consequatur tempora et.\n\nBeatae modi temporibus totam maxime vero corporis. Provident laboriosam quibusdam tenetur voluptate quis a. Praesentium molestiae esse voluptas et quia officiis est quas.\n\nDelectus iusto neque quia odio est qui voluptatibus officia. Aut aut voluptatem fugit dolorem fuga. Sit est eum aut modi sunt rerum ut.', 1, '2018-12-06 00:32:54', '2018-12-06 00:32:54'),
(32, 8, 'Quasi quo deserunt dolorem voluptatum.', 'Inventore perferendis nobis qui necessitatibus modi vel impedit. Sit ut et non ullam ea ut eum cum. Possimus est et corrupti ullam error culpa.\n\nAd ex iste id. Culpa ad asperiores adipisci nemo ea consequatur. Minus est vitae aut et esse.\n\nVelit non quaerat sit ut. Est cum vel eius consequuntur vitae facilis. Deleniti porro mollitia molestiae.\n\nSequi voluptas eum quis est cupiditate aut et. Vel aspernatur explicabo aut delectus ullam sint velit. At velit est qui culpa. Ipsa facilis quasi voluptas officia nisi.\n\nEst eius ducimus reiciendis rerum eos blanditiis. Provident ad dicta modi velit voluptatem minima. Fugit est quos voluptas id consequatur nihil. Nihil vitae et enim laborum perferendis.\n\nNostrum quos exercitationem ea omnis modi corporis dicta. Ipsam sunt eum excepturi exercitationem. Laudantium qui quo illo et vitae porro id cum. Qui temporibus ut commodi voluptates. Dolores praesentium iusto soluta quidem consequatur eos eos.\n\nUnde et qui non deleniti tempore sint. In eius saepe iusto itaque est ab aliquam non. Debitis recusandae assumenda autem vel.\n\nConsequatur quam ut debitis repellendus eum eius voluptatum id. Omnis in qui illum qui. Consequuntur nobis tenetur voluptas omnis inventore eum consequatur deleniti.\n\nConsequatur dicta ipsa ut quos qui perferendis. Aut sapiente debitis earum at nam architecto voluptatibus eaque. Eum eos et soluta corporis hic veritatis sed. Culpa eum repellat praesentium dolor veniam qui.\n\nOmnis rerum minus aspernatur suscipit. Ipsam vel culpa voluptates quaerat eum laboriosam sunt. Quisquam dolorem odit molestiae consectetur consequatur dolores. Dicta maxime odit ut magnam omnis rerum dicta.', 1, '2018-12-06 00:32:54', '2018-12-06 00:32:54'),
(33, 9, 'Odio nesciunt rerum repellendus velit praesentium repellendus natus eos.', 'Vitae quia doloremque consequatur architecto reprehenderit consequatur. Ea ut dolores aperiam sit praesentium qui laboriosam enim. Possimus pariatur nihil ratione sunt. Asperiores nulla earum aut odio.\n\nDebitis excepturi expedita sunt eaque facere eligendi ut. Soluta saepe aut aut numquam enim. Velit magnam est ea perspiciatis. Modi dolore veniam quae laboriosam.\n\nFugiat at cumque sed quisquam doloremque exercitationem odio. Ullam unde eius dolorem quia non. Consequatur corporis exercitationem beatae eum laboriosam consequatur totam. Doloribus qui eaque aliquid rerum quis aliquam.\n\nExpedita aut architecto excepturi consectetur. Quia mollitia consequatur reiciendis. Aut cupiditate ut voluptatem quia aut ab quod est. Aliquam ex similique molestias consectetur ipsa deserunt provident natus.\n\nBeatae ea saepe unde. Voluptas illum voluptatem dolorem quaerat eligendi voluptas.\n\nEt quia et voluptatem est. Ducimus aut qui nobis voluptas. Rerum quia qui architecto. Explicabo magnam quasi omnis autem.\n\nOptio vitae molestias ut voluptas. Quaerat qui quo est aut delectus harum est ex. Aut asperiores quia possimus provident velit quia dolorem.\n\nDolorem explicabo quasi at laboriosam aperiam. Beatae adipisci quo laudantium debitis tempore ducimus dolorem ipsum. Quaerat laudantium ut doloremque voluptatem inventore. Minus adipisci in dolorem quaerat quasi.', 0, '2018-12-06 00:32:54', '2018-12-06 00:32:54'),
(34, 9, 'Sunt voluptates dignissimos et quidem saepe non hic.', 'Doloremque aut voluptatem minima alias consequatur ut voluptas. Sit voluptates recusandae recusandae. Nisi sed eius praesentium ducimus ut placeat. Ut iure voluptatibus aut repudiandae at. Fugiat blanditiis non et quam et laboriosam a architecto.\n\nQui accusamus est eos et ut et molestiae. Natus itaque dolore fugit temporibus. Harum quidem sunt quis voluptatem saepe nostrum et.\n\nEst in quia repellendus nesciunt. Maiores sequi sint aut rerum maiores totam. Aspernatur rerum corrupti quaerat deserunt.\n\nQuae minima velit omnis voluptas et molestiae consequuntur. Quia ut aliquam impedit voluptatibus rerum. Quia dolorem ducimus dolorum autem et asperiores exercitationem.\n\nQuidem qui rerum nihil magnam repudiandae. Illum quibusdam et vel ut voluptatem consequatur error perspiciatis. Iusto esse voluptatem et quidem autem voluptatum.\n\nDolor ut iure quia omnis laudantium. Neque quia qui quaerat excepturi.', 0, '2018-12-06 00:32:54', '2018-12-06 00:32:54'),
(35, 9, 'Perspiciatis earum sed esse id accusamus enim eveniet.', 'Dolores reiciendis illo molestiae. Et voluptatum rem inventore qui ut accusantium. Ut earum consectetur quas enim. Voluptas enim ipsa occaecati. Delectus vel suscipit aut consequatur qui sint doloribus.\n\nDolor est sapiente beatae est. Ex laborum voluptas necessitatibus quis ipsa nisi ut nobis. Nulla voluptate quo dolores eligendi numquam. Minima blanditiis fugiat eos reprehenderit iste.\n\nUnde nesciunt unde ea quod. Incidunt est autem in occaecati eius. Quia sequi sint praesentium praesentium ullam. Velit aut et ad repudiandae ipsum. Hic deserunt praesentium cupiditate labore quidem saepe reprehenderit.\n\nUt molestiae sunt repellendus autem. Soluta eveniet quibusdam animi quas aperiam deleniti vel. Exercitationem qui enim magni eligendi quas autem. Unde pariatur numquam rem.\n\nEnim ex sed maiores cum dolor in ullam. Hic eum et voluptas eos in. Qui sed sed iure rerum iusto voluptatem. Deserunt eius in tenetur omnis et. Corporis accusamus unde corrupti illo voluptatem.\n\nVeniam fugit omnis voluptatum ea. Aliquam molestiae quibusdam ipsa provident rerum dolore. At qui suscipit laudantium ratione sit est voluptas. Laudantium quia vero nulla.\n\nDelectus eius dicta ducimus earum incidunt molestiae tenetur voluptatem. Commodi qui quia esse fugit qui fugiat. Necessitatibus qui omnis eius ea. Odio quos assumenda aut modi est.\n\nIncidunt quos in facere inventore vitae. Repellendus rerum ipsum provident impedit iusto. Dolor numquam ipsum sequi quis autem consequatur inventore reprehenderit. Tempore corrupti sit minima excepturi non omnis.', 0, '2018-12-06 00:32:54', '2018-12-06 00:32:54'),
(36, 9, 'Esse ut voluptatem provident culpa repudiandae ad sit.', 'At nihil earum perspiciatis ipsa id ducimus. Quae quae illum culpa voluptates magni sed ea. Minima dolore laboriosam voluptatibus eum.\n\nDolores sit ut iste neque. Voluptatem autem qui possimus illum debitis qui. Odio illo libero placeat.\n\nLibero quibusdam consequuntur ut repellat ex. Molestiae quibusdam aut consequuntur tempore praesentium laborum qui. Consequatur vitae et qui cupiditate hic natus aut optio.\n\nAut rerum porro delectus ducimus odit eum. Ut temporibus deleniti quasi enim. Odit sed necessitatibus hic voluptas voluptatem velit.\n\nEsse suscipit libero sequi et. Possimus dolor aliquam quis illo corporis dolores. Cupiditate nemo impedit quam aut. Accusamus eum sequi sed consequuntur.\n\nNeque possimus ducimus aut est et sapiente deleniti. Quasi quia odit consectetur itaque laborum architecto aut. Suscipit quibusdam ducimus aut repellat assumenda voluptate rerum corrupti.\n\nAdipisci quo dolores cum reiciendis. Labore aut placeat quis omnis perferendis. Quisquam sequi optio magni aliquid mollitia deserunt. Incidunt animi quis nulla et quas.\n\nCulpa perspiciatis id libero rem. Enim error in voluptas in. Accusamus possimus laboriosam id ipsum dolores.', 1, '2018-12-06 00:32:54', '2018-12-06 00:32:54'),
(37, 10, 'Ratione harum consectetur totam qui officiis cumque cupiditate maxime.', 'Delectus sit quia ut voluptas neque. Mollitia iusto non qui id voluptatibus nam. Sit est quia repellendus nam nisi libero. Iste quis blanditiis cupiditate quas perferendis.\n\nNon tenetur consequatur laboriosam nihil. Quod reprehenderit sit voluptates quam excepturi repellendus.\n\nId mollitia facilis reprehenderit laborum non est quidem. Id ad eaque vel eaque ut quia dolorem. Unde consectetur dolor quos quae beatae odio. Nihil ea consequatur recusandae pariatur voluptatum repudiandae.\n\nVeniam ut mollitia est. Illum voluptas et eum omnis illo sed at quidem. Impedit commodi rem iste autem sapiente. Vitae consequuntur autem itaque nostrum laboriosam.\n\nCorrupti recusandae corporis doloribus quisquam ut quis. Molestias earum ullam voluptas odit. Dignissimos cum perspiciatis placeat harum rerum voluptatem reiciendis. Odit earum laborum magnam quidem aut vitae mollitia.\n\nHarum quia quaerat autem. Accusantium neque vel praesentium quam quia. Incidunt praesentium porro quam quia id soluta voluptas laborum.\n\nNihil sint voluptatibus rerum ad. Labore et dolorem enim voluptas repellat. Iste molestiae veniam adipisci voluptatem eos. Voluptatem veniam ut aut nobis. Ex et ducimus in praesentium est.', 1, '2018-12-06 00:32:54', '2018-12-06 00:32:54'),
(38, 10, 'Harum dolor consequuntur asperiores sed ab aperiam perferendis.', 'Ut occaecati omnis voluptates sed ex repellendus. Dolores dolorem voluptatem ea vitae. Consequatur natus deserunt distinctio.\n\nHic nisi qui hic ea est. Quo alias accusantium nihil. Eius voluptates incidunt neque minima enim.\n\nCumque in est dolore ducimus dolores. Sint illo commodi cumque nihil. Exercitationem impedit adipisci et est debitis dignissimos ea.', 1, '2018-12-06 00:32:54', '2018-12-06 00:32:54'),
(39, 10, 'Fugiat autem tempora nemo veritatis commodi quisquam.', 'Itaque illo accusamus qui. Ipsam fugiat accusamus inventore fugit et ut libero.\n\nExpedita eligendi architecto corrupti a quasi natus. Distinctio incidunt aliquid officia autem quos. Molestiae voluptates at est nulla cum nihil.\n\nAnimi rem architecto voluptatem ut doloribus. Consequatur illo magni rerum eum rerum quidem. Illum provident reiciendis et voluptate commodi voluptatem. Accusantium quia explicabo minima dolorem aliquam aut enim. Ut ipsum dolore ea enim quos.', 0, '2018-12-06 00:32:54', '2018-12-06 00:32:54'),
(40, 10, 'Molestiae similique placeat illo.', 'Qui amet facilis non et repudiandae quos. Totam nobis ut dicta adipisci ducimus accusamus numquam et. Voluptatibus et distinctio aut. Ut aut quo vel.\n\nDistinctio dolorem quo ut ea et ipsum suscipit voluptatem. Neque voluptatem sequi sed quae sunt. Quo in atque ullam quibusdam consequatur enim corporis doloremque.\n\nIn in repudiandae doloremque tempora ut. Cumque quos magni rerum laudantium. Enim dicta inventore velit dolores officia illum. Sed quos debitis tenetur repudiandae.\n\nMagni ipsum qui libero ut. Distinctio magnam cum aut a eum consequuntur. Distinctio tenetur quas aperiam est expedita ad harum dolorum.\n\nQuasi ducimus libero enim ut rerum aut. Voluptatem qui dignissimos quo. Earum repellat voluptas corporis similique sapiente repellendus natus commodi. Sit et exercitationem deleniti cumque.\n\nVoluptatem rerum ut accusantium enim et velit quas sunt. Consectetur quia quia praesentium et eum consectetur provident dolorum. Enim suscipit rerum repellat sequi aspernatur ipsa corrupti.', 1, '2018-12-06 00:32:54', '2018-12-06 00:32:54'),
(41, 11, 'Placeat velit est nostrum vel cumque.', 'Cupiditate architecto sit eum dolor quis. Sed laudantium blanditiis modi autem qui praesentium. Inventore consequatur consequatur et quia sint. At quasi minima voluptatem nulla consectetur.\n\nMinus ut itaque ut autem doloremque nisi nihil. Error tenetur minima et voluptatem. Quia vitae est deleniti deleniti ea ducimus. Deserunt blanditiis velit corporis labore. Ex molestias quo explicabo sunt mollitia inventore similique.\n\nVoluptatem minus maiores repellat. Eveniet eligendi modi cum. Sit tempora aut quo enim.\n\nDoloremque molestias quia ducimus ipsam voluptas. Aut eius modi exercitationem earum. Dignissimos aperiam vel quis labore. Debitis placeat dolorum quos voluptas atque temporibus temporibus.\n\nExplicabo minus at expedita rerum et. Fugit ipsum vitae sint tenetur. Temporibus ullam cum quis aliquid voluptatem.\n\nLabore qui itaque fugiat deserunt et. Voluptatibus earum amet provident voluptatem explicabo. Rem quaerat eveniet iure et.\n\nSequi voluptatem error exercitationem veniam et autem voluptatum. Nihil quae atque vitae placeat numquam odit voluptatem. Dolorem alias fuga quia qui ut ab.', 1, '2018-12-06 00:32:54', '2018-12-06 00:32:54'),
(42, 11, 'A ut reiciendis libero placeat.', 'Numquam enim aliquam et vel et laboriosam occaecati. Non officiis maxime suscipit voluptas. Deleniti quae omnis accusamus autem. Numquam totam doloremque earum quae sed dolorem.\n\nNobis maxime dolore ipsum. Repellat ab et ab et. Enim enim quia accusamus sed aut.\n\nFugit voluptas exercitationem autem. Aspernatur saepe commodi error laborum veritatis. Dolor ea doloremque nostrum autem. Deleniti consequatur eligendi eum atque id.\n\nAtque aut enim culpa qui. Non sed exercitationem et laborum iste. Quibusdam commodi itaque veritatis sunt facere.\n\nUnde velit dolorem consectetur necessitatibus tenetur. Et voluptatem blanditiis aperiam optio. Aut ullam illum qui est sit deleniti praesentium. Alias hic quaerat et blanditiis et velit porro et.\n\nFuga harum tempore reiciendis numquam alias. Voluptatibus vel distinctio nesciunt asperiores rem saepe. Itaque voluptates qui aut nobis animi ipsa.', 1, '2018-12-06 00:32:54', '2018-12-06 00:32:54'),
(43, 11, 'Commodi debitis et reprehenderit quam.', 'Assumenda neque odio dolor voluptatem perspiciatis enim. Pariatur debitis deserunt reprehenderit fugit impedit ut. Minima eius tempore qui quasi ut iusto pariatur. Quae qui ad aut quos.\n\nVitae dolores dolor alias. Laudantium et qui eligendi unde ut tempore officia. Cupiditate in non inventore. Iure molestiae voluptates dolores necessitatibus laudantium.\n\nEst explicabo quia id nesciunt laudantium aut iure. Ab sit soluta rerum minima quaerat libero quis. Nihil tenetur odit autem ut esse officiis aut dolore.', 1, '2018-12-06 00:32:54', '2018-12-06 00:32:54');
INSERT INTO `posts` (`id`, `user_id`, `title`, `content`, `published`, `created_at`, `updated_at`) VALUES
(44, 11, 'Id sunt autem quaerat amet a.', 'Consequuntur ipsum vero ea praesentium. Blanditiis iste ea excepturi saepe veniam. Quia distinctio voluptas saepe et vel saepe mollitia.\n\nSuscipit consequatur quia sapiente inventore nulla. Est inventore et fuga voluptatibus earum incidunt pariatur accusamus. Rem ducimus beatae quos expedita consequatur molestias. Molestiae tempore sapiente sequi repudiandae eos.\n\nNemo impedit qui consectetur ut in rem. Itaque molestias vel qui in dolorem id itaque libero. Quod repellendus et provident accusamus. Dolores placeat est ratione. Perspiciatis qui et provident voluptatem.', 0, '2018-12-06 00:32:54', '2018-12-06 00:32:54'),
(45, 12, 'Facilis et eveniet est voluptatem tempore.', 'Quasi consequatur fuga quia expedita dolores vel. Fuga autem quas voluptatem eos. Optio officia dignissimos eveniet placeat fugiat. Minus mollitia est quod consequatur rem.\n\nEt fugiat ad qui deleniti veritatis at. Earum illo ullam doloremque voluptates in voluptatum hic dolorem. Excepturi vitae sequi unde voluptate adipisci dolore omnis. Error vero est voluptate ipsa.\n\nIure occaecati vel magni praesentium voluptates possimus. Consequatur voluptatem cumque velit voluptas ea qui ipsum. Voluptas necessitatibus non id est qui et.\n\nCorporis reprehenderit labore maiores at mollitia quia. Consequatur quisquam impedit ullam eos. Molestias sunt ut saepe assumenda minima consequatur animi quia.\n\nRerum id iusto ut vitae. Et sint veniam aliquid nihil qui a quisquam. Magni magnam quisquam alias aut molestiae a quia.\n\nVero ea optio tempora. Ullam fuga laboriosam vero est. Occaecati itaque dolores voluptatem quo ut repellendus. Amet velit tempora aut et.', 1, '2018-12-06 00:32:54', '2018-12-06 00:32:54'),
(46, 12, 'Mollitia debitis dolores nisi illum.', 'Aliquam minus rerum sed. Optio quaerat laudantium optio ea suscipit. Unde unde natus sunt ut.\n\nIn rerum unde vel aliquid ut. Culpa at et rerum ipsa exercitationem nemo similique ducimus. Molestiae doloremque libero placeat totam id aliquam.\n\nOptio aut fuga ea et occaecati quibusdam. Id debitis autem libero harum molestias cupiditate. Possimus est omnis nesciunt voluptatem debitis qui voluptatem non.\n\nDucimus quae dolores ut similique. Delectus debitis maiores ut possimus. Magnam autem eius est est et dolorem.\n\nPossimus quia minima nesciunt asperiores. Est est laudantium odit vel veritatis suscipit qui rerum. Praesentium est aliquid aut dolores minima explicabo.\n\nIpsa voluptatem laudantium et odio pariatur sunt. Sapiente eos soluta debitis possimus animi quia. Cumque soluta laboriosam autem quas saepe. A quod eos voluptatum beatae earum quos aut placeat.\n\nArchitecto harum impedit sit voluptatem sapiente error. Qui modi ea maxime et. Aut qui amet voluptatem iste enim rerum perferendis natus. Doloribus repudiandae consectetur laudantium corrupti quis aut. Modi a nulla hic velit illo.\n\nSoluta aut laboriosam dolores nesciunt nesciunt labore. Voluptatem autem et qui assumenda hic voluptatem. Mollitia et dignissimos animi et. Dicta corrupti quas vitae eum quo mollitia placeat.', 0, '2018-12-06 00:32:54', '2018-12-06 00:32:54'),
(47, 12, 'Consequatur expedita molestiae aut sit ea ullam cupiditate.', 'Doloremque minus qui occaecati laborum voluptatem rerum ut. Quam dolorum eum id tempora doloribus. Ea rerum fugit dolores vel. Dolore quas omnis tenetur.\n\nQui sunt laborum aliquid est voluptate minima ut qui. Consequatur omnis est sed temporibus rerum nam. Et alias sit magnam cum sed. Et harum non ipsum ullam explicabo sequi et.\n\nPorro alias qui hic ea corrupti quas. Culpa velit et aliquam voluptates et. Dolor non nisi placeat quasi illo.\n\nEt ipsa velit sed non beatae in reiciendis. Minus earum provident facilis hic nostrum dolores. Magnam placeat ut dolores est eos vel. Aut quia molestias voluptatem perspiciatis quo.\n\nTenetur ea ea deserunt animi pariatur alias dolores mollitia. Consequatur accusantium accusamus perspiciatis non cupiditate ab illum. Harum quia eligendi illo id assumenda consectetur sed. Ut omnis cupiditate consequatur at.\n\nLaborum aut quibusdam non quis odit rerum atque. Blanditiis officia alias ullam vel. Officiis expedita quam corrupti non quis officiis.\n\nQui consequatur accusantium quo esse. Quae et ipsum vero velit molestias rem similique illo. A totam atque non laudantium. Quis numquam voluptates incidunt suscipit qui dolores.\n\nSit sit quo error similique ut id modi molestias. Quaerat voluptatibus hic iste quod sunt. Ipsum quasi architecto perferendis in repudiandae illo. Suscipit ea enim et quia autem.\n\nEst impedit ut porro voluptatem qui exercitationem nihil aut. Voluptatibus ut reprehenderit amet ex. Et voluptas praesentium corrupti ex ut.', 1, '2018-12-06 00:32:54', '2018-12-06 00:32:54'),
(48, 12, 'Accusantium asperiores tempora laborum voluptas et.', 'In corrupti voluptatibus dolores quia. Sunt quia quis reprehenderit. Ab dolorem minus labore id doloribus aspernatur dolores nemo. Voluptatibus iste expedita architecto eaque.\n\nIpsum fugit quo sunt vel qui ut. Itaque explicabo vitae aperiam at omnis doloribus laudantium.\n\nAnimi laudantium magnam et qui vel quibusdam maiores nostrum. Nulla commodi ratione consequatur ut. Laudantium magni qui dignissimos quia. Tempore nesciunt accusantium quia quibusdam facilis veniam nemo.\n\nEveniet voluptas autem ducimus dolores. Accusamus in id eum officiis ad. A ad aut totam ullam ut aut cumque eos.\n\nCorporis possimus ducimus nam necessitatibus. Iste voluptatum rerum nulla. Enim perferendis et magnam et. Rerum est tenetur autem.\n\nQui eum quo aperiam reiciendis voluptatibus qui minima enim. Voluptas repellendus aperiam culpa perspiciatis qui. Voluptatem odit numquam dolorem id fugit totam tempora. Rerum qui quam eum.\n\nDolor ea qui et. Quia similique neque aut illum praesentium.\n\nIure amet nobis nam fugit est. Ea quia quae exercitationem dolor. Deserunt occaecati itaque voluptas quaerat.\n\nNostrum debitis laudantium saepe odio est eum autem. Ut et laborum nobis minima. Non veritatis magni non eveniet vel. Deleniti praesentium facere autem enim non perferendis nemo optio.', 1, '2018-12-06 00:32:54', '2018-12-06 00:32:54'),
(49, 13, 'Temporibus pariatur non nisi eaque dolores quidem pariatur.', 'Expedita est ea rerum et consequuntur. Voluptatibus libero sunt voluptas quod aperiam. Est sed neque fuga autem.\n\nLaborum id id nisi soluta aspernatur autem officia. Omnis ut molestias non earum voluptas explicabo sunt.\n\nEst harum itaque est quasi. Amet iusto optio cum aut iure laborum magni. Qui praesentium quasi et vero. Exercitationem porro ea delectus vitae reiciendis eius debitis.\n\nRerum maxime reiciendis error dolores ut dolorem. Eum dignissimos recusandae hic. Id perspiciatis eum accusamus nisi suscipit expedita. Quae molestiae ut aut neque.\n\nDeleniti neque unde quo soluta. Dignissimos aliquid aspernatur et deserunt quo quia. Sit odit aut enim odio quae quos nihil. Dolorum atque blanditiis et accusamus laudantium eveniet dolorem veniam.', 0, '2018-12-06 00:32:54', '2018-12-06 00:32:54'),
(50, 13, 'Fugit illo enim non.', 'Omnis deserunt atque et est. Exercitationem voluptatibus hic officia aut ea ut quis. Est quod et minima nesciunt impedit.\n\nEt est eveniet officiis autem et. Qui quis corporis et debitis rerum id. Qui hic quo possimus quae repellendus eos minus.\n\nSed recusandae fugiat sed veniam minima. Deleniti nostrum dicta voluptatem fugiat hic hic. Temporibus officia expedita maxime eum. Blanditiis velit magnam non laborum et voluptates sit consequuntur.\n\nFugiat libero sunt debitis consequatur dolor. Natus libero sint nisi. Consequatur neque tempora pariatur error quod voluptatibus voluptas. Omnis dolores modi iusto assumenda cum.\n\nModi sapiente facilis eligendi nulla magnam adipisci. Voluptatibus quia omnis neque consequatur veniam aliquam. Magnam voluptas laudantium quod nobis architecto. Id quia quod error consequatur numquam est fugit.\n\nSaepe consequuntur dolorem est. In rerum veritatis soluta ipsum. Quo eaque sit soluta culpa consequatur placeat.\n\nDucimus natus repudiandae unde delectus sequi facilis. Praesentium repellendus rerum sed aut dignissimos ipsam eum. Iusto in enim quam animi in labore.\n\nSaepe amet eligendi et aut. Nulla numquam voluptas illo rerum distinctio expedita et. Explicabo cupiditate et inventore recusandae consequatur facilis provident nobis.\n\nEaque laudantium cupiditate praesentium est corporis enim mollitia id. Possimus et dolores doloremque ut et quasi autem. Pariatur autem et qui qui. Aut doloremque est quia.\n\nDelectus aspernatur est qui eum. Explicabo iste temporibus illo consectetur enim. Sit quia doloremque et cumque deserunt. Vel impedit optio quo aspernatur accusamus.', 1, '2018-12-06 00:32:54', '2018-12-06 00:32:54'),
(51, 13, 'Voluptates tempore porro enim.', 'Tenetur ea eligendi voluptatem quos ea voluptas. Sed consequatur repudiandae consequatur quis aperiam qui.\n\nOdit quas eaque harum iure ex qui. Quaerat animi quod necessitatibus beatae praesentium. Exercitationem reprehenderit omnis totam expedita necessitatibus ut.\n\nDolore aut occaecati qui impedit quia vitae quidem. Modi aut deserunt odio harum saepe vero. Quia nam ut rerum quos.\n\nAut ut delectus repellat esse totam quia nesciunt. Dicta iusto aspernatur cum fugit. Qui aut dignissimos sed aut voluptas.\n\nEst animi porro est. Expedita tempora necessitatibus consequatur culpa facilis. Praesentium esse rerum quas distinctio enim.\n\nAut recusandae suscipit accusamus sit architecto consequatur corrupti numquam. Sunt et sapiente minima. Deserunt doloremque quos voluptatem non.\n\nSit provident minus ut. Vel voluptate debitis aut aut. Mollitia quis et neque nam aperiam et neque. Eum ea qui non accusantium porro reprehenderit.\n\nSuscipit eligendi dolorem neque quidem. Dolores quas qui molestiae commodi quia possimus. Ullam nisi eius id est non praesentium reiciendis. Doloribus amet ea temporibus fugit velit.', 1, '2018-12-06 00:32:54', '2018-12-06 00:32:54'),
(52, 13, 'Voluptatem est quis nesciunt sapiente ad magni nam dolor.', 'Soluta quo voluptatum eveniet nisi. Consequatur dolorum ad consequuntur blanditiis repudiandae. Eveniet molestiae dolorem ab voluptates veritatis debitis.\n\nUt consequuntur vitae doloribus vero et est excepturi. Maiores temporibus qui commodi ut incidunt adipisci. Fuga perferendis voluptatum quia. Velit quod eum recusandae. Nam ut minima sint rerum qui libero.\n\nSit ut velit et et qui eveniet. Autem modi enim impedit voluptatem. Laborum porro dolore quo mollitia. Sequi quia aperiam aut quod eligendi fuga.\n\nRepellendus dicta similique eum architecto alias iure. Ad error et ducimus qui doloremque ullam ad ipsam. Fugiat dolorem corporis qui labore dolor quasi qui. Maxime nihil ea aut doloribus minima. Sed dolores laboriosam minus assumenda.', 1, '2018-12-06 00:32:54', '2018-12-06 00:32:54'),
(53, 14, 'Enim maxime dicta est necessitatibus sit neque hic.', 'Quidem eum aliquam vitae aut. Et accusantium harum sit perspiciatis suscipit harum voluptatem ea.\n\nOccaecati quod tempore in vero. Quo et et beatae dolorem. Consectetur et ipsum quo quo. Maiores omnis numquam a dolor aperiam.\n\nSit eaque aut quia soluta accusantium maxime enim. Voluptatem alias voluptatibus est cumque.\n\nSaepe aliquam quo nihil quia nihil quam. Quo dolorem cumque quae atque quis. Cum voluptas quo unde facilis et dolores et deleniti.\n\nDeleniti quo ut fugiat et. Nisi est omnis dolorem soluta incidunt praesentium cumque est. Enim a ab tenetur praesentium harum eum magni quas.\n\nRepellendus quia voluptatem vero nam nobis a consequuntur minus. Odio quia molestiae quasi molestias dolores illo corporis debitis. Enim enim sit voluptas. Atque reprehenderit molestiae vel animi et.', 0, '2018-12-06 00:32:54', '2018-12-06 00:32:54'),
(54, 14, 'Quaerat ducimus odio maiores voluptatem accusantium magni.', 'Magnam consequatur unde possimus sed. Excepturi est asperiores laborum. Ut nulla culpa quia sunt similique.\n\nAd nihil doloribus ut labore recusandae consequatur. Culpa nobis quia numquam quia a quis aliquam maxime. Corporis nisi dolorem sunt saepe aut.\n\nAliquam eveniet provident qui odio omnis. Qui maxime est expedita non aliquid consequatur. In dolorem mollitia nobis ut est optio tempora quaerat. Eos exercitationem error sit enim excepturi et.\n\nAut id ipsa saepe nesciunt molestiae. Sed sint facilis ducimus hic ab occaecati dolorem maxime. Sint rerum nihil dignissimos quia enim quis.\n\nSimilique rerum est ut est. Quis eligendi eum et. Ea non et sed dolore.\n\nNobis aliquid consequatur eligendi voluptatem in distinctio. Labore quas eius quae iure quod ipsam. Eos delectus consequuntur molestiae optio in exercitationem.\n\nQuia aut et amet voluptas. Sunt quis illum mollitia tenetur quasi corrupti. Dolore numquam pariatur laboriosam magni.', 1, '2018-12-06 00:32:54', '2018-12-06 00:32:54'),
(55, 14, 'Eaque sed totam magnam ipsam iure.', 'Quasi sapiente ut et maiores. Ut est ipsa aut. Qui eaque neque ducimus adipisci id quisquam ut qui. Doloribus unde qui laboriosam et omnis iusto temporibus.\n\nUllam et ut expedita perferendis quod eum. Qui numquam et rerum dolorum. Harum ad magni numquam tempora ut.\n\nEst omnis nesciunt aliquam. Debitis laudantium similique dolorem ut. Voluptatibus commodi optio et officia. Molestiae eos neque magnam aliquid et iusto.\n\nQuia molestiae vitae qui in quisquam. Corporis laborum vero nam voluptate voluptas. Eligendi omnis aspernatur iusto asperiores eaque alias. Beatae laboriosam enim quisquam.\n\nMagni consequuntur beatae rerum reiciendis. Voluptatem nihil id laboriosam et. Aut eum quia quae et omnis voluptatibus. Sed exercitationem dolore necessitatibus dolores doloribus.\n\nQuidem molestiae iusto veritatis enim corporis et in. Quia sint sunt qui corporis. Vel fugit animi est ea iure hic quisquam esse. Hic nemo facere suscipit explicabo enim.\n\nIllum et illo sed eum. Dolorum qui animi quo sed. Aut minus quasi amet sunt deserunt voluptates voluptas. Rem consequatur natus aut autem quas eligendi. Ipsum quibusdam dolorum omnis alias quo voluptatibus voluptate.\n\nModi molestiae eum voluptatem animi sed quisquam. Sed et sed sed accusamus. Iste atque est quia modi rerum omnis iusto nam. Consequatur quo hic nostrum soluta dolorum.', 0, '2018-12-06 00:32:54', '2018-12-06 00:32:54'),
(56, 14, 'Sit dolorum totam magnam.', 'Ex quaerat recusandae aliquam assumenda velit ab. Sed perspiciatis ut doloribus ab quo inventore. Pariatur voluptates quae architecto explicabo quaerat ducimus. Dignissimos corporis explicabo esse omnis.\n\nQui perspiciatis laboriosam eaque quam veritatis quisquam. Ut molestias omnis eveniet voluptates a ut. Ea modi eaque qui voluptate eos.\n\nSequi qui voluptas est. Tempora est ut quod magnam praesentium mollitia. Sapiente et optio repellat ut vel.', 1, '2018-12-06 00:32:54', '2018-12-06 00:32:54'),
(57, 15, 'Corrupti id id nobis quam.', 'Itaque officia officiis provident aperiam sed sed incidunt fugiat. Pariatur illum dolore voluptatum consequatur asperiores beatae nam quos. Quae necessitatibus dolor dolorem. Repudiandae provident tempora doloremque quia quidem.\n\nEum tempora quidem ex consequatur delectus. Quia soluta iusto maiores est dolorum tempora. Totam delectus ut est vel iusto aut velit praesentium. Et assumenda aut cupiditate dolores commodi.\n\nError qui at dolor. Non iusto quaerat soluta omnis officiis. Voluptas aut sapiente nemo distinctio soluta ut.\n\nFugiat sit ut sapiente rerum quis aliquid. Soluta velit eius ut consequuntur perspiciatis. Id laboriosam modi similique accusamus nemo magni. Quidem recusandae enim dolor et aut et et perspiciatis.\n\nTotam veniam magnam neque molestiae cumque magnam. Molestiae culpa eligendi similique eius et. Autem labore non quas incidunt non quibusdam fuga. Praesentium rem repudiandae est nihil.', 0, '2018-12-06 00:32:54', '2018-12-06 00:32:54'),
(58, 15, 'Qui impedit omnis molestiae expedita quidem.', 'Dolor sint a qui perspiciatis. Voluptatem vitae consequuntur nam consequuntur ipsa et placeat. Dolorem totam aut in quia beatae.\n\nExcepturi sapiente dolorum velit quam omnis similique est. Dolore ratione ratione maiores saepe. Aliquid sit accusantium laborum autem et consectetur molestias. Architecto quis ratione repellendus provident quis.\n\nDicta at at assumenda ea debitis. Blanditiis voluptas modi quis consequuntur. Libero eaque et magni.\n\nInventore et voluptatem alias. Est quo ut est.\n\nAssumenda culpa error incidunt eveniet et tenetur inventore. Quos assumenda laboriosam rerum sit atque.\n\nLaudantium unde dolor illo libero vel eum laboriosam. Esse dolores voluptatibus vero optio dolore tempore. Corrupti eius et temporibus dolor molestiae asperiores.\n\nEt voluptas qui aut expedita repudiandae recusandae. Commodi est delectus nisi optio inventore voluptatem. Delectus necessitatibus assumenda aut.\n\nNisi doloribus sunt temporibus sit et corporis rerum rerum. Ducimus iste ipsum reiciendis perspiciatis aspernatur fuga. Quia consequatur quas et alias quibusdam beatae. Adipisci incidunt odit hic deleniti rerum impedit.\n\nOfficia veritatis officia nihil. Nulla aspernatur voluptatem expedita. Vel nemo dolorem voluptatum odio dolor magni. Est rerum qui delectus cumque. Tempore provident perspiciatis omnis quasi nulla doloribus repellendus.\n\nVoluptas enim a sequi explicabo voluptatem unde sed. Et suscipit ea voluptatum distinctio quas consequatur totam voluptas. Dolor necessitatibus recusandae unde est qui blanditiis voluptatem.', 1, '2018-12-06 00:32:54', '2018-12-06 00:32:54'),
(59, 15, 'Ut repellat at totam error et voluptate similique qui.', 'Reiciendis sunt et ut. Ipsa molestiae aut voluptas ipsa.\n\nOptio dolor et et magni est quaerat. Nulla dolor beatae nisi consequatur aut. Eligendi corrupti dolorum velit explicabo.\n\nRerum itaque qui nam minima minus. Eveniet voluptates cupiditate aperiam tenetur fugiat libero itaque. Omnis voluptatum suscipit corporis veniam et. Aut ut vel repudiandae tempora.\n\nPariatur aut quae nobis et. Error totam in animi necessitatibus quaerat omnis quas. Eos commodi amet optio sunt sunt.\n\nFugit voluptatum nihil vero commodi voluptas. Saepe architecto voluptatem quos voluptatum consequuntur. Quidem adipisci asperiores ex quia ut vitae.', 1, '2018-12-06 00:32:54', '2018-12-06 00:32:54'),
(60, 15, 'Cum rem eveniet ea esse.', 'Consectetur quos ut animi aliquam quis. Ut illum fuga esse quidem quis. Accusantium fugiat quae maiores maiores et impedit placeat nobis.\n\nDolore reiciendis repellat tempora explicabo. Sint dolor reiciendis exercitationem doloremque ratione eligendi. Et rerum occaecati similique. Ut sit iure beatae quasi aut.\n\nDucimus pariatur ipsum iure dicta aspernatur laudantium. Velit illo dolore quisquam laudantium aut.\n\nCommodi aut optio hic voluptates eveniet. Sed voluptatibus quam beatae et. Recusandae placeat et expedita sit id.\n\nDoloremque incidunt ratione maiores. Nam autem maiores repellat nihil aut minima eum. Deserunt quis laborum natus excepturi excepturi quaerat. Est temporibus eveniet qui consectetur.\n\nEt aliquam laboriosam ullam earum aut tenetur in. Sunt debitis et enim illo quasi. In libero sint iusto quam eligendi rerum vero. Sunt labore maxime enim iste.', 0, '2018-12-06 00:32:54', '2018-12-06 00:32:54'),
(61, 16, 'Iste omnis est enim eos.', 'Itaque consequatur quasi in dolorem mollitia. Temporibus perferendis qui consequatur eius molestiae nisi fugit. Nihil et voluptas velit. Aut et non repellat quo.\n\nNisi minima earum aperiam corrupti. Fugit enim rem temporibus deserunt ad explicabo. Fugit nobis et rerum accusantium eaque voluptatum necessitatibus. Esse veniam voluptates rerum eaque saepe eveniet ut nemo.\n\nEos molestias voluptatem fugit repellendus. Aliquam ut et voluptas adipisci ut aut. Soluta odio ratione ipsa saepe quasi error. Omnis illo aut cupiditate beatae voluptatibus vel aut.\n\nIn excepturi cumque ea ducimus nihil praesentium aut. Rerum sint voluptatum explicabo. Quia doloremque expedita aliquam cumque dolore labore. Dolores nobis sit debitis quam aut labore.', 1, '2018-12-06 00:32:54', '2018-12-06 00:32:54'),
(62, 16, 'Deleniti ea maxime aut dolores.', 'Esse ea nulla non enim laborum vero. Et aliquid occaecati animi rerum qui molestias. Sapiente porro quaerat debitis consequatur sed.\n\nSit officia quia quidem veniam et illum. Laborum error recusandae ducimus distinctio architecto. Occaecati voluptatem quo nobis aut voluptas deserunt.\n\nQuo modi excepturi aut. Voluptate veniam omnis quia. Molestiae ipsa repellendus velit quas reiciendis dolorum. Qui dolor nisi quos ducimus quas.\n\nIn iusto repudiandae ea ut consequatur sunt laudantium. Velit et commodi non recusandae. Eaque dolorem quos optio ducimus blanditiis asperiores. Voluptatem eveniet repudiandae deleniti qui qui qui.\n\nEst doloribus ipsum id amet repellendus perspiciatis mollitia. Ex est facilis cum. Sint ut nam inventore ullam neque saepe. Est libero cum eligendi officia quis autem laborum optio.\n\nMinus possimus voluptas et repellendus quae. Soluta facere cum qui delectus. Iusto quod odio ullam unde voluptate. Dolor molestiae voluptatem consequatur quae animi ut.\n\nRatione commodi optio a cumque non cumque. Explicabo rem repudiandae quam distinctio sit.\n\nQui quo cupiditate dolores ut quod id eum iste. Ea quo numquam in labore asperiores tempora ut. Exercitationem similique voluptates sed eum aut.', 0, '2018-12-06 00:32:54', '2018-12-06 00:32:54'),
(63, 16, 'Aut magnam quis error et eligendi dicta in.', 'Dolorem nisi at quo quo sequi est non. Et et dolorem aliquam eum qui consequatur quidem. Officiis vel qui eos ipsa quod sapiente. Soluta dolores ratione dolores et.\n\nNeque excepturi at ab dolorem aut saepe quo. Repellat soluta fuga iusto eum. Qui aut est debitis a facere iusto. Doloremque delectus eaque non pariatur et.\n\nAutem praesentium et quos voluptatem et ea. Alias consequuntur iure quaerat voluptas soluta accusamus sit. Omnis qui voluptatibus eum sit adipisci saepe culpa eum. Sapiente qui aspernatur laudantium quia perferendis est.\n\nMagni eaque molestias velit. Accusantium laboriosam illum temporibus blanditiis eos et. Est eum aut aliquid facere ut ipsa molestiae. Tempora in et voluptatem voluptate maiores veritatis minima exercitationem.\n\nSapiente beatae quia sed quod error. Laudantium perspiciatis maxime nam recusandae ut nam deleniti. Aut est quo blanditiis minima odit. Reprehenderit molestias qui veniam ex pariatur porro. Consectetur ipsam rem facere voluptatem voluptatem.', 1, '2018-12-06 00:32:54', '2018-12-06 00:32:54'),
(64, 16, 'Quia est doloremque sint nisi quaerat ea.', 'Expedita iusto similique ipsum eligendi est sint laboriosam. Rerum dignissimos itaque quos et deleniti repellat quae. Sequi et magnam dolor nobis eveniet velit. Asperiores et omnis unde aspernatur.\n\nHic sint possimus reprehenderit aut quis porro voluptate. Quibusdam qui fugit aut. Laudantium blanditiis qui nemo veniam laudantium aperiam. Labore deleniti doloremque qui optio ut commodi.\n\nIn exercitationem sint iure iusto est iste qui quia. Esse deleniti aliquam ducimus autem aspernatur illum. Eum ut excepturi dolor dolores rem expedita. Aperiam voluptatum et reprehenderit cupiditate in rerum.\n\nTenetur accusantium aut ullam suscipit. Vero aut quaerat ut laboriosam sit qui consequatur. Similique ratione veniam est occaecati eveniet iste debitis.\n\nRerum voluptas autem ducimus quis sunt voluptas non. Ipsam exercitationem voluptate ut ipsam molestiae est eligendi. Vitae aliquid quia quis libero.', 1, '2018-12-06 00:32:54', '2018-12-06 00:32:54'),
(65, 17, 'Et voluptatem rerum sunt adipisci qui debitis quisquam.', 'Repellat voluptate sed impedit omnis iure libero. In id ut dolor omnis blanditiis id consequatur reiciendis. Quod at assumenda et in velit recusandae. Nihil sit aut iure rem non cupiditate quam.\n\nNon eum minus earum delectus. Cumque commodi delectus voluptas laudantium reprehenderit nihil. Vitae earum quis accusamus tempore eum. Est repellat voluptates distinctio sed.\n\nAtque harum id officia ut. Illo sint ea laudantium pariatur dolorem beatae enim.\n\nTempore fugiat mollitia qui ipsum non harum distinctio. Rerum voluptas saepe facilis vel. Aut ad nulla quod animi.\n\nSuscipit ratione sint vitae asperiores ut tenetur reprehenderit soluta. Iusto repellat unde ut illum tempore totam vel quis.', 0, '2018-12-06 00:32:54', '2018-12-06 00:32:54'),
(66, 17, 'Voluptate et maiores molestiae iste ut praesentium error.', 'Est dignissimos aut rem id doloremque eum. Sed et nam tempore quis exercitationem. Sit dolor esse dicta.\n\nReprehenderit est voluptatem nemo a omnis deleniti consectetur illum. Tenetur quod nulla optio voluptatem. Dolores odit expedita explicabo sed molestiae.\n\nCumque corrupti nulla fugit mollitia atque. Quos placeat est velit voluptas quae et voluptates. Corrupti omnis est officiis quia voluptatum dolorem similique.\n\nAliquam est amet nemo vel veniam. Et voluptate maxime aliquid maxime fugiat et ipsam ea. Facilis ullam reiciendis et rerum voluptatem ipsa.\n\nMolestias unde corporis qui aut debitis provident. Rerum vel tempora doloribus officiis officia quos at. Illum natus quia expedita ab rerum ad. Rerum sed iste autem tempore quo velit.', 1, '2018-12-06 00:32:54', '2018-12-06 00:32:54'),
(67, 17, 'Et quas laudantium facere modi sed.', 'Cumque mollitia quia necessitatibus harum ea quod possimus dolore. Autem porro ut asperiores earum aut animi. Architecto ut iusto consequuntur dolores quas consequatur. Est quia accusantium culpa aut.\n\nEsse aspernatur et voluptatum ut dicta. Dignissimos quaerat qui eligendi et distinctio aut perspiciatis. Sint non quo in eum mollitia voluptas et. Ea necessitatibus consequuntur eveniet ea tempore dicta odit omnis. Sit ad eum dolorum est qui numquam et laboriosam.\n\nNemo ea mollitia sit libero. Delectus iusto nam similique deserunt dolores et. Fugiat dolorum consequatur autem modi dicta non voluptatem. Pariatur molestiae ratione eius hic.\n\nEst quia dolorem praesentium maxime porro eligendi veniam esse. Error eveniet velit ad. Fuga non aut quam et quasi illo laboriosam. Non voluptatem ea voluptas ex corrupti minus et. Et nihil velit quis laborum ducimus maiores aperiam.\n\nEnim sit ut est consequatur sed ipsa eum. Vero mollitia earum et recusandae. Reiciendis ut et similique molestiae. Asperiores aperiam est voluptatem magnam deleniti cum et.\n\nNulla ea autem et qui et illum porro. Dignissimos deleniti eum voluptas. Sapiente dolor aut error corrupti.\n\nVoluptatum quidem dolorem maxime sit. Officia similique ipsa autem necessitatibus ab sint natus.\n\nQui quae et ut et sunt. Vel asperiores explicabo nihil cumque debitis est. Velit quam quaerat id reprehenderit. Ipsam tempora cum possimus fugit.\n\nSunt et nulla fugit ullam eos facilis. Molestiae porro rerum soluta. Accusantium non ipsum et excepturi sunt assumenda.\n\nDicta adipisci est dolorem et. Mollitia debitis et iste corrupti architecto quo quia. Non officia doloremque dolor fugiat quia asperiores. Optio rerum eos aspernatur porro illo error autem.', 1, '2018-12-06 00:32:54', '2018-12-06 00:32:54'),
(68, 17, 'Et est repellendus molestiae.', 'Sunt sint odio magni at sit. Asperiores est enim consequatur impedit adipisci. Cum aut qui tempora dolor quasi et. Perspiciatis voluptas et eligendi consectetur tempora.\n\nReprehenderit repudiandae dolorem vitae sit rerum sed commodi. Nam nulla aut labore laboriosam dolores cupiditate corrupti. Et reiciendis et consequuntur perferendis doloremque. Quaerat nihil quisquam quos laborum.\n\nMagnam veniam eum beatae est. Laboriosam tenetur atque est quo dicta. Itaque quibusdam nam et voluptatem nostrum quo. Iure aliquam distinctio neque voluptatem autem natus eius et.\n\nNostrum unde qui quia modi eveniet asperiores. Repellendus et suscipit consequatur. Velit quos nulla est eos qui.\n\nFuga voluptas fugiat repellat qui. A excepturi aut consequatur. Est accusamus qui itaque excepturi qui.\n\nAtque nemo dolores corporis officia et natus. Tempore corrupti magni itaque repudiandae. Nemo nemo magni debitis ut earum dolorem. Dolor non architecto ea non magni mollitia.\n\nMolestiae reiciendis temporibus praesentium expedita perferendis expedita. Vel possimus facilis blanditiis est.\n\nMagni blanditiis aut et numquam dicta nam. Nesciunt voluptas autem modi consequatur dolor minima. Tempore dolorem tenetur consequatur est accusamus aspernatur quo. Nostrum enim est natus.\n\nLaboriosam dignissimos ut aspernatur dolores voluptates eos. Minima nobis est quam consequuntur aliquid. Architecto aspernatur quas velit magnam debitis illo odio. Nihil assumenda sed qui est iste molestias voluptatem.', 1, '2018-12-06 00:32:54', '2018-12-06 00:32:54'),
(69, 18, 'Et nam eum dolore ut et omnis rerum.', 'Quam quisquam distinctio qui pariatur provident sunt et. Corporis dolorem repellat laborum repudiandae quis optio iusto. Porro pariatur qui delectus et accusantium dolores.\n\nNam asperiores veniam aspernatur facere. Dicta adipisci est sed possimus error tempora deleniti. Aliquam enim aperiam cupiditate ut fugit. Asperiores sint consequatur temporibus dolores.\n\nQuia asperiores qui enim qui. Magnam pariatur sit non unde fugit veniam. Nesciunt dolor et autem aspernatur amet. Soluta et unde culpa ea.\n\nTempore natus omnis id mollitia. Maxime velit et sed nulla. Quia molestias error alias qui.\n\nTempora consequatur explicabo iusto fugit a autem accusantium. Itaque exercitationem doloribus ea ea. Est optio quaerat sunt laudantium harum doloremque eveniet.\n\nUt rerum dolorem earum expedita. Sint modi recusandae eveniet enim eos accusantium iure natus.', 1, '2018-12-06 00:32:54', '2018-12-06 00:32:54'),
(70, 18, 'Et delectus perferendis voluptate a sit placeat voluptas.', 'Non repellat consequatur ea. Saepe eligendi quis dolorem est. Blanditiis omnis est ipsum explicabo.\n\nVel omnis impedit qui repellat eaque et. Modi deleniti aut vero neque possimus. Debitis quam placeat harum. Laborum perspiciatis qui similique consequatur veniam voluptatem.\n\nVoluptates asperiores quia provident consequatur nemo repudiandae dolores et. Fuga autem illo reprehenderit autem perspiciatis amet. Commodi quia dicta odit. Fuga ad repellat sed pariatur quisquam.\n\nDeleniti assumenda quo quis. Provident dolores voluptate quod. Voluptatem omnis soluta dolore aliquam amet et. Quam nihil autem omnis et corrupti eum vitae.\n\nRerum et ut et in sit ea. Quis cumque aut in molestiae velit. Laboriosam ut ut magni ad ea et itaque.\n\nAdipisci natus soluta qui necessitatibus odio quod. Incidunt aspernatur sit ducimus quo tempore. Dolores alias ipsam rerum autem.\n\nQuasi facilis maxime dolore necessitatibus. Consequuntur aperiam enim est numquam officia. Autem est ab quae sunt sunt doloribus.', 1, '2018-12-06 00:32:54', '2018-12-06 00:32:54'),
(71, 18, 'Sunt quibusdam facere sed fugit ut.', 'Placeat ipsam quos quo non. Dolor recusandae voluptate eos quis consequatur doloremque iste. In libero illo eos tempore mollitia.\n\nAlias et consectetur eos cupiditate nulla et. Repellat ea aspernatur nostrum adipisci pariatur. Quo quaerat ab occaecati occaecati asperiores ipsa rerum omnis. Sit veritatis quisquam reprehenderit nihil aut eum quia.\n\nVoluptatum ut vitae rerum quia et sed. Aperiam cum rerum est necessitatibus sed. Nihil quae odit reprehenderit et architecto in.\n\nInventore voluptatem velit labore consequatur placeat. Deleniti voluptatem molestiae necessitatibus id. Et consequatur facere porro. Quos ea voluptatem quo occaecati sunt accusamus tempore vel.', 0, '2018-12-06 00:32:54', '2018-12-06 00:32:54'),
(72, 18, 'Aspernatur aliquid et qui tempora iure molestiae.', 'Eveniet et deleniti qui atque quis quaerat. Illo est rerum harum qui accusantium consequatur consequatur. Nisi odit ullam natus magni. Accusamus qui ullam doloremque.\n\nIllo rerum quibusdam ad quo fuga. Consequatur ab sed ea nostrum optio eaque minus unde. Eos autem voluptatem molestiae ea cumque. Earum ut aut enim sed et quam in.\n\nEt eaque ut ea eius qui commodi. Nemo eaque sint similique. Reprehenderit rerum sint necessitatibus qui.\n\nIn consectetur rem vel non totam rerum ea. Sit quae doloremque ut veritatis harum. Aut quis animi quia animi et sint. Aspernatur et nemo vero aliquam et pariatur quia.\n\nItaque quia sit similique. Autem et illum tempora velit tempore et cumque. Est distinctio ut vel aut quos similique et quo. Harum qui quo ut commodi eaque perspiciatis fugiat.\n\nVoluptas eum consequuntur qui dolore sit amet. Adipisci quo dolor mollitia temporibus asperiores aperiam. Aspernatur ea minus similique cumque expedita dolor natus.\n\nDeserunt explicabo quia dolore assumenda. Dicta enim molestiae ea est. Aut est et quae hic repellendus et. Tempore illo sequi voluptas neque.\n\nEt sunt tempora et quia voluptatem ea. Nostrum impedit atque dolore. Quasi accusamus maiores error. Repudiandae debitis dolorum sed accusantium.\n\nTenetur et soluta unde architecto. Architecto voluptate rerum ut et tempore excepturi. Rerum in repudiandae sequi voluptatem facere accusantium. Soluta beatae dolorem repellat vel.', 1, '2018-12-06 00:32:54', '2018-12-06 00:32:54'),
(73, 19, 'Natus voluptatem voluptatem sint et nobis molestiae.', 'Quis fuga atque quia. Nihil mollitia corrupti ut in aperiam occaecati consequatur. Sed rerum velit dignissimos doloremque dolorem veniam. Eos est dolorum aut asperiores illum.\n\nVoluptas consequatur expedita beatae. Dolorem quaerat ducimus adipisci praesentium pariatur ipsa rerum qui. Id expedita sed nemo. Consectetur autem est et non sequi nesciunt.\n\nMagni et placeat aliquid ut expedita sint. Ut enim vel ut nostrum aut ea veritatis. Quasi officiis unde aut consequatur amet perferendis omnis. Omnis ipsam quam consectetur doloremque.\n\nUt consequatur in deleniti ea dolores enim nemo. Quis dolorem quo explicabo fuga autem. Ad accusamus ex tempora exercitationem expedita.\n\nSint facilis qui est magni. Dolorem veniam et et repellendus deleniti molestiae ipsa. Ab aut adipisci voluptatem porro ratione.\n\nEius possimus quasi sed ad tenetur velit neque. Sit qui saepe asperiores ut est aut. Quia possimus natus totam ex minima omnis. Tenetur modi fuga doloremque optio ullam.\n\nVel sit eum aliquam aperiam consequatur. Reiciendis dolorem suscipit atque quis enim velit repellendus.\n\nAsperiores nobis vel repellendus veritatis nulla est harum. Debitis porro reprehenderit quibusdam sunt. Voluptatem voluptas ut tenetur amet.\n\nAut vitae sapiente et velit mollitia. Qui quia quas sunt deserunt. Aperiam eum laudantium quam et hic quae saepe.\n\nQui culpa repudiandae nostrum ut iusto. Consequatur enim sint occaecati occaecati omnis perspiciatis est.', 1, '2018-12-06 00:32:54', '2018-12-06 00:32:54'),
(74, 19, 'Hic quos et et provident qui.', 'Reiciendis earum soluta qui est sint porro aliquid. Omnis aliquam odit sed et ea cumque ad quia. Aliquid ut iste omnis possimus itaque.\n\nVoluptatem labore sunt esse voluptates quos. Deleniti consequatur veniam porro distinctio consequatur provident nesciunt. Autem rerum quia molestiae id amet voluptatibus. Totam unde illo minima et sunt numquam et sunt.\n\nCum sit dolores recusandae. Eum accusamus eaque placeat sit. Aut iure nihil repellendus asperiores impedit vitae aspernatur. Qui et earum sit facilis ea itaque eos. Non distinctio et id et quo deleniti saepe.\n\nEt aspernatur voluptas dolores. Consequuntur nihil provident in animi. Sit molestiae ut quo rerum voluptas ad sed.\n\nRatione quaerat qui tenetur hic. Et necessitatibus fuga autem dicta omnis. Nemo qui tempore sed animi consequatur ipsa. Eum rerum enim enim labore illum harum totam est.\n\nVitae aut animi quia ea odit. Atque rerum ad qui aliquid molestias. Explicabo est ut voluptatem omnis aperiam in. Magni velit consequatur ut impedit qui laboriosam.\n\nVoluptatem id ut qui aut. Ab autem quis ipsa ipsum sit. Voluptatum sunt qui aut cupiditate.\n\nEa ut vel dolores non quia id. Maxime nisi voluptatem eaque cupiditate ut. Voluptatum est et sint.', 0, '2018-12-06 00:32:54', '2018-12-06 00:32:54'),
(75, 19, 'Vel aut quis recusandae omnis sint alias quo corporis.', 'Velit saepe nesciunt et et rerum eaque quisquam at. Amet ipsam occaecati voluptatem earum laboriosam porro. Eligendi aut earum quo id in.\n\nDoloremque est neque cupiditate sint minus sed. Quia vitae minus totam dolores tempora excepturi. Rerum ducimus asperiores a sed soluta.\n\nSit quisquam pariatur eaque sint. Facere assumenda illo deserunt quis reprehenderit. Cum dolores voluptas doloremque odio deleniti.\n\nQuisquam consequatur quis vel sunt quas. Dolores amet rerum quibusdam quos voluptas in. Itaque eveniet nemo quia nostrum. Dolor itaque vel repellat rerum.\n\nNulla perferendis facere enim nulla labore et quae. Odio eligendi exercitationem enim nisi. Debitis mollitia quam error magnam atque at a alias. Qui quibusdam minus error perspiciatis delectus.', 1, '2018-12-06 00:32:54', '2018-12-06 00:32:54'),
(76, 19, 'Natus accusantium quas sunt quas.', 'Voluptatem dolor exercitationem a ratione similique maiores. Veniam voluptatibus vel et odit sapiente velit voluptates. Est nobis sit amet quaerat. Odit possimus dicta voluptatem suscipit qui.\n\nDicta natus occaecati et. Dolorem vitae nam nulla mollitia corporis iusto.\n\nPraesentium ea quidem ut rerum. Dolor dolore natus qui. Ea vel ipsa dicta necessitatibus.\n\nAut reprehenderit non et cum impedit porro explicabo. Est est totam ea ut alias sed iusto. Soluta mollitia exercitationem incidunt eum et. Aliquid neque dolorem iste facere et fugiat nulla voluptatem.\n\nQui rem ut sed quia soluta qui dolore. Nihil doloremque a dignissimos corporis.\n\nAperiam aliquam dolorem non natus sed voluptatibus aut. Ab ex dolores vero dolores dolore harum.', 1, '2018-12-06 00:32:54', '2018-12-06 00:32:54'),
(77, 20, 'In doloribus pariatur et illum a optio.', 'Quo fugit iste et cupiditate unde aliquam et reprehenderit. Ratione quae debitis et quia. Quia ex at quo est repellendus est quia dolorum.\n\nNemo optio accusamus facilis sed consequatur. Veniam magnam minima qui. Aut architecto aperiam quae rerum dolor repudiandae. Porro tempore incidunt voluptatem quia.\n\nCommodi recusandae reprehenderit atque ea reprehenderit culpa pariatur. Rem ut quis aut perferendis. Fugiat non tempora quidem eum est facere. Deleniti mollitia sequi in nobis quia.\n\nEt sed rem accusamus deleniti. Consequatur tempora nobis nobis eos sed. Accusamus ut qui fuga fuga.\n\nLibero rerum accusantium rerum ut voluptatem. Optio architecto laborum ex at.\n\nEveniet est dolores quia et voluptatem non. Molestiae vel sit corporis delectus quisquam corrupti. Et qui nam corporis consequuntur amet sit. Veniam eos aut exercitationem atque.', 0, '2018-12-06 00:32:54', '2018-12-06 00:32:54'),
(78, 20, 'Deserunt perspiciatis perspiciatis eaque et.', 'Accusantium voluptatibus et qui. Atque temporibus commodi impedit nemo et sapiente eius odio. Ut accusamus quod nesciunt assumenda est exercitationem. Atque ut eum veritatis dolorem non quos.\n\nDolor quia dignissimos at reiciendis error ut. Distinctio voluptatem distinctio accusantium iure ad.\n\nOfficia distinctio perspiciatis dolor ipsa saepe eveniet. Repellat corporis reiciendis distinctio nesciunt iste dolorem. Voluptatem enim maxime expedita doloremque id ipsam. Eveniet voluptatibus neque doloremque.', 0, '2018-12-06 00:32:54', '2018-12-06 00:32:54'),
(79, 20, 'Sed qui commodi quis numquam.', 'Enim unde vel sunt. Quam quibusdam aliquid officiis sunt dolore harum. Reiciendis quia illo nulla et quibusdam. Qui officiis aut sequi tenetur tenetur ut.\n\nNihil sit officia molestiae ipsa. A ut tempora quidem. Neque cupiditate qui sed qui quia.\n\nNesciunt quibusdam maxime quos animi ipsam. Qui pariatur quibusdam ut ratione est. Voluptatum labore distinctio dolorem ut. Ea a quo neque.', 0, '2018-12-06 00:32:54', '2018-12-06 00:32:54'),
(80, 20, 'Atque qui ut repudiandae cupiditate aspernatur neque.', 'Asperiores vitae amet hic dignissimos qui. Blanditiis dolorum ullam reiciendis est aut impedit. Et culpa qui perferendis numquam omnis.\n\nQuis sapiente vero voluptatem aut accusantium. Consequatur et fugiat quod nihil blanditiis expedita. Provident sed sunt quis est optio.\n\nInventore sed ea sit delectus dolores ut aliquam. Quis fugit odio repellat maxime maxime sequi expedita. Optio enim nobis ipsam. Enim enim nesciunt ex rerum sunt.\n\nMollitia natus et eius fugiat tempore est. Voluptatem porro deserunt libero doloribus provident. Rerum consequatur velit eveniet est qui. Sed nisi quos est cumque sed. Deleniti officia quas earum officia et.\n\nEt recusandae velit nisi iste ut non architecto. Itaque illum asperiores quas quam. Aut magnam laborum enim omnis voluptatem accusantium.\n\nVoluptatem inventore atque nostrum quaerat. Autem minima repudiandae officiis cum nulla cupiditate velit nostrum. Facere delectus dolore est facilis amet. Aut perferendis fugit totam non dolorem velit accusamus.\n\nEx quia qui earum numquam. Esse saepe dolorem itaque eius deserunt consequatur aut impedit. Excepturi iure voluptatem praesentium sit iusto perferendis. Consectetur officia beatae eligendi ipsa impedit.\n\nQuisquam tenetur et est. Ipsa dolorum ullam qui ea et itaque commodi. Sequi dolore nesciunt nam voluptas quidem est non. Aut vel iusto id sint. Aut itaque dolores quia quia est aut odit.\n\nSimilique quisquam voluptates qui numquam eum qui. Ut totam numquam pariatur. Quidem mollitia aut dignissimos modi nihil incidunt. Rerum ipsa aut ad in asperiores.\n\nSit saepe corporis maiores nulla inventore ut. Natus qui incidunt eos voluptatibus sed possimus.', 1, '2018-12-06 00:32:54', '2018-12-06 00:32:54'),
(81, 21, 'Nam nihil et quo eaque quidem illo.', 'Voluptatibus labore et dolore mollitia aliquam dolorum sed eos. Vel ex odio aperiam vero nam. Vel facere adipisci quia ipsum omnis et.\n\nEa sunt et et. Labore occaecati quo iure sed. Quis error eligendi est fugiat voluptatibus.\n\nNumquam a dolor dignissimos dolor ratione beatae odio exercitationem. Quia consequuntur in aut quidem. Sunt nemo occaecati ullam non odio. Neque iusto doloribus porro sit natus saepe.', 0, '2018-12-06 00:32:54', '2018-12-06 00:32:54'),
(82, 21, 'Velit dolore sint velit accusamus odio praesentium.', 'Natus provident accusamus ea enim nobis dolorem rerum quo. Aut consectetur quia enim quis at quidem deserunt. Eveniet dolorem quas quasi voluptates quam quo dolor. Quod facere rerum et est sint et repellendus.\n\nDolor qui quia quia illum incidunt dolores. Quia repudiandae officiis aliquid magni expedita. In omnis optio dolorem. Corporis quibusdam eligendi aut corrupti enim officiis beatae.\n\nEt veniam nisi necessitatibus minima quam non quia occaecati. Mollitia tenetur id ut iste voluptatem. Culpa officiis non omnis voluptatem rerum non voluptates eum. Voluptates quod dicta officia consequatur doloremque harum. Voluptatibus magnam et ullam hic voluptatem inventore deserunt reiciendis.\n\nMaxime accusamus fugiat quae harum aut autem non. Occaecati sapiente sed aliquam beatae cumque saepe. Et velit non cupiditate omnis ducimus.\n\nLaborum rem dolores est illum vel voluptatum officiis. Asperiores sit sequi repellat non omnis. Nam maiores officia rerum velit.\n\nUllam eveniet nesciunt esse non. Numquam ea tenetur eum fugit amet qui nostrum. Maiores ratione non nam necessitatibus.', 0, '2018-12-06 00:32:54', '2018-12-06 00:32:54'),
(83, 21, 'Laudantium reiciendis pariatur repudiandae nostrum.', 'Est aliquam provident rerum atque tempore voluptas. Autem fugiat doloribus et voluptas provident est. Sequi ipsum neque nostrum dolorem soluta atque. Dicta non similique enim est aliquid.\n\nConsequatur incidunt dolorum unde mollitia quas et ut. Consequatur et quia eos dolor possimus quas non. Exercitationem veritatis aperiam incidunt minus at voluptatem. Deserunt officiis aperiam repudiandae. Modi enim mollitia velit ut commodi.\n\nAut debitis alias voluptas tempore eum vel laborum. Eos labore nihil suscipit qui modi molestiae. Officia id omnis molestiae sit nam ipsam officiis.\n\nVoluptates veniam provident sapiente velit et dolorum voluptas. Iste labore facere ducimus. Non commodi eos eius quisquam debitis reiciendis.\n\nFacilis laudantium praesentium amet atque. Dolorem eligendi optio laboriosam nobis architecto neque libero. Rerum adipisci minima libero iste est ut quia. Dolores ipsa ut minus omnis officiis velit qui sed. Praesentium eum corrupti maxime voluptas vero voluptatem vero.\n\nUt tempore sapiente repellat est. Id quidem distinctio quam atque dignissimos esse non. Rerum minima repellendus voluptatem. Nemo ut dignissimos incidunt dolor necessitatibus et enim.\n\nSit ut nobis quia sed corrupti. Omnis qui rerum esse nostrum sapiente. Architecto enim qui illum dolorum. A et illum dolorem ea in iure.\n\nSapiente ut molestiae neque et. Quisquam ad tempora magnam autem error rerum. Eveniet nihil commodi culpa in aut eius id.\n\nVoluptas deserunt consectetur nemo dolorem illum ut ut. Nemo vel vero quibusdam rerum necessitatibus quia. Nihil mollitia autem in magni qui qui.', 0, '2018-12-06 00:32:54', '2018-12-06 00:32:54'),
(84, 21, 'Impedit et qui et ducimus.', 'Omnis ea aut quam numquam neque nostrum. Blanditiis saepe et recusandae consequuntur. Officiis architecto ad nostrum illo atque nihil rerum.\n\nDistinctio alias dolor molestiae et voluptatibus expedita. Laboriosam temporibus incidunt inventore quo et sunt sit temporibus.\n\nTenetur et et non harum impedit. Non libero qui est rerum. Sunt vel et ipsa adipisci repellendus dolorem omnis quasi. Distinctio quidem sint voluptate facere.', 0, '2018-12-06 00:32:54', '2018-12-06 00:32:54'),
(85, 22, 'Et deleniti rerum sunt ex dolor.', 'Voluptatem doloribus et dolor sed. Et rerum iste et qui. Atque quisquam tempore voluptas. Culpa veniam in velit.\n\nConsectetur ea autem at similique. Accusamus similique distinctio beatae sit. Labore voluptatem veniam voluptas. Dolor itaque dolor praesentium suscipit enim labore.\n\nUt voluptate odit laborum sint qui ullam expedita. Ad ut et adipisci quasi voluptatum consectetur accusantium laboriosam.\n\nEst omnis cumque tenetur quisquam perspiciatis. Et necessitatibus ea maxime quisquam aut omnis error. Iste cumque et doloribus. Non accusamus delectus nostrum amet odio.', 1, '2018-12-06 00:32:54', '2018-12-06 00:32:54'),
(86, 22, 'Aut labore neque ea inventore voluptatem.', 'Possimus temporibus molestias perspiciatis minima ut aut. Voluptatem aut suscipit tempore et. Et adipisci dicta et sed. Nulla sit perspiciatis officia fugiat aut laboriosam sint sequi.\n\nIpsam corporis atque eum quisquam fugit eligendi. Eos est dolor vitae laboriosam vitae assumenda. Sed et ipsam et est cumque voluptate.\n\nMaxime sed culpa cumque totam. Quo et ad veniam ab nesciunt quaerat dolorum non. Debitis vel neque accusantium et quia quos eos nemo. Dolorem voluptas nam error eum ab libero aut. Ea voluptatem asperiores et et cumque quis eum.\n\nVoluptatem consequatur rerum ut perferendis ut et. Eum non doloribus itaque aut soluta iste. Soluta sint qui non. Reiciendis natus qui id odio.\n\nItaque omnis qui dolorem quasi fugiat qui id officiis. Fugit quis ut non. Autem numquam autem et veritatis adipisci at qui.\n\nVoluptas ipsam consequatur ut et quia facere animi cumque. Veritatis enim sed amet sed. Aut cupiditate similique et quia. Et quae sequi recusandae molestiae.\n\nNesciunt laborum nulla earum officia deleniti facilis aut enim. Voluptatibus repellendus laudantium sed optio. Et quam deleniti modi sequi ea tenetur. Culpa blanditiis consequuntur ipsum earum.', 0, '2018-12-06 00:32:54', '2018-12-06 00:32:54'),
(87, 22, 'Est tempora porro rerum nam quos.', 'Amet aliquid aliquid aut non. Qui voluptatem aspernatur aperiam velit. Neque sapiente laboriosam pariatur debitis quasi praesentium aut.\n\nId beatae labore error magnam consequatur minima perspiciatis maiores. Accusamus fuga quod sequi qui ut. Molestiae et ut sunt odio pariatur. Ratione ut cumque occaecati eligendi quis est asperiores.\n\nEt quas adipisci totam voluptate enim dignissimos aut omnis. Tempore modi dignissimos architecto voluptate a suscipit quia.\n\nFugiat nisi rem rem recusandae earum sint et accusamus. Repudiandae nesciunt rerum ad aut voluptatem doloremque molestias. Molestiae eaque itaque et.\n\nEnim quis nobis nemo. Aliquid et ut ipsa. Dignissimos a qui recusandae quia.', 1, '2018-12-06 00:32:54', '2018-12-06 00:32:54'),
(88, 22, 'Vitae et alias dolores fuga et sed tempora.', 'Ea deserunt eum rem sed qui. Maiores libero ducimus provident neque saepe. Quas vel vitae magni saepe ut sunt placeat.\n\nMolestias repudiandae magnam quia eius nisi aliquid. Dolore quo deserunt recusandae et non. Repudiandae consequuntur sapiente quas ut nemo ipsa sunt. Nesciunt at quia explicabo quasi voluptatem.\n\nSit consectetur aut enim eos molestias at. Repellendus nihil cum et facilis. Ipsa repudiandae laboriosam deleniti quia rem.\n\nAsperiores ut quaerat debitis rerum est sint quia. Nam hic sapiente qui cupiditate dolorem veritatis vitae. Architecto qui voluptas ratione ipsam occaecati et. Maxime iusto assumenda molestias et. Expedita fugiat nostrum odio quisquam voluptatum excepturi ut.\n\nReprehenderit sint soluta aut pariatur corrupti dolorem et ad. Ducimus doloribus eligendi possimus sapiente laborum porro. Iste pariatur non maxime odio maiores excepturi ad aliquid. Est accusantium sunt praesentium ratione dignissimos facere vitae id.\n\nDoloribus necessitatibus eligendi laboriosam voluptas recusandae quisquam in qui. Id quidem praesentium libero eos eligendi.\n\nCum autem culpa qui molestiae quis perferendis quo sed. Maiores explicabo inventore animi voluptate rem voluptatem unde labore. Deleniti quisquam enim autem voluptatem excepturi quibusdam. Quibusdam provident dolorum aut sunt necessitatibus voluptatem.', 1, '2018-12-06 00:32:54', '2018-12-06 00:32:54');
INSERT INTO `posts` (`id`, `user_id`, `title`, `content`, `published`, `created_at`, `updated_at`) VALUES
(89, 23, 'Officia blanditiis iure cumque rerum delectus deleniti illo.', 'Dolor ut nemo aut dolores nostrum voluptatem. Voluptatibus voluptatem quia itaque eaque. Est voluptatem eum quo consectetur unde nobis a cum.\n\nHic eaque asperiores qui laudantium commodi dolores expedita voluptatem. Sed vel ut dolores soluta aperiam soluta esse. Deleniti et similique voluptate ex. Id rerum ipsa ab voluptatem illum.\n\nAtque velit voluptatum quia totam necessitatibus quo. Est illo est provident velit dolores inventore. Et quia dignissimos reiciendis accusamus adipisci animi.\n\nNemo ipsam consectetur eum sunt. Magnam officiis tenetur quas quod quaerat ut et. Aut fuga qui non nostrum accusantium. Temporibus aut dolore nesciunt provident voluptatum.\n\nAliquid voluptas odio sed rem. Qui dolor sed repudiandae magnam. Impedit culpa placeat in nam totam voluptate velit harum.\n\nAliquam pariatur eum autem magni distinctio exercitationem. Ut ut laboriosam et labore ut.\n\nSoluta qui et ea ut repellendus in esse. Quia laboriosam soluta qui consequatur et. Fugiat officia velit dolores molestiae.', 1, '2018-12-06 00:32:54', '2018-12-06 00:32:54'),
(90, 23, 'Beatae nobis harum voluptas omnis.', 'Pariatur molestias blanditiis in voluptatibus in. Enim a ut tempora architecto ipsum sunt dolor est. Vel est eum ex nihil. Fuga enim enim facilis reiciendis exercitationem rerum. Ut dolor nisi quia unde.\n\nEst illo dicta sequi quia. Error hic nihil hic veritatis commodi. Voluptatem omnis nulla quibusdam dolores maiores omnis.\n\nQuia ab error qui asperiores et minima. Minima molestias sint odio totam. Aut dolorem amet optio eveniet et alias non dolores. Numquam et enim natus distinctio.\n\nFacere vero maxime quia repudiandae quibusdam quia cum nihil. Voluptatem sapiente officia libero molestiae. Quia molestiae cupiditate et minima sunt nihil.\n\nSint aut non ut quia. Aut quia illo sint. Corporis odio molestias veniam eveniet reiciendis voluptates amet. Aut quas enim ad sit autem rem.', 1, '2018-12-06 00:32:54', '2018-12-06 00:32:54'),
(91, 23, 'Cum facere blanditiis fugiat officiis consectetur iusto sunt qui.', 'Itaque amet quibusdam est. Quisquam ratione ullam facere culpa et aut unde. Harum possimus dolores et debitis enim est nesciunt. Ipsum vero enim est deleniti nihil harum magnam.\n\nCorporis voluptas animi ut assumenda amet. Ad id sed ipsum voluptatem laborum quibusdam quia inventore. Non quos in perspiciatis corporis. Nisi hic nulla ea eaque eius dicta.\n\nRatione atque praesentium sint sint. Tempore ut tenetur qui nobis quasi. Ut sit qui et amet incidunt.\n\nRatione et quasi nihil dolorem. Ut inventore enim nostrum quod delectus. Repellat et beatae omnis.\n\nEt hic porro nam nobis. Quaerat facilis totam fuga ea et. Reprehenderit aperiam in nobis laboriosam amet. Corrupti porro nihil quas omnis. Sequi possimus corrupti consequatur.', 0, '2018-12-06 00:32:54', '2018-12-06 00:32:54'),
(92, 23, 'Nesciunt est praesentium iure praesentium.', 'Voluptatem voluptas natus at. Laudantium ipsum sit ab quo. Alias eveniet maxime delectus sequi in voluptas officiis.\n\nEt vel necessitatibus sunt aut sed vel ut. Quo at quae aut molestias. Sit minima vel aut nihil.\n\nIusto facere optio facere illo et perferendis ex. Minima eos cum error neque voluptatibus non libero est. Tenetur aut enim cupiditate dolorem exercitationem hic est omnis.\n\nExplicabo quod rerum deleniti in ea et. Sunt ratione tenetur ratione mollitia ut. Odio beatae unde commodi accusantium nisi. Ut debitis optio rerum repellendus in.\n\nId numquam qui officiis dolore aut. Similique autem omnis suscipit. Sunt unde quisquam dolores.\n\nQui fuga maxime ipsa eum natus non iste odio. Natus natus perspiciatis libero quidem. Magnam voluptatem qui rerum ad dicta est ut aut. Beatae ut et est dolores aliquid enim.\n\nSed ipsa quia minima sed ullam. Sit a quod natus aut deleniti ullam. Nihil numquam dolor corrupti autem ad totam. Delectus et amet repellat provident.\n\nVitae sunt aut minus vel. Odio et et non autem corporis. Et a cum rerum reiciendis harum praesentium.\n\nSimilique officiis accusamus officiis dolorum labore placeat occaecati. Odit cum quia quo officiis. Repudiandae facere neque blanditiis quisquam possimus optio aut et.\n\nRecusandae consequatur nam quia vitae optio nisi deleniti temporibus. Non aperiam accusamus sed est. Laboriosam laborum quo vitae.', 1, '2018-12-06 00:32:54', '2018-12-06 00:32:54'),
(93, 24, 'Deleniti atque sed ea quaerat id.', 'Ut et blanditiis itaque quasi veritatis fugiat. Quia aut nulla enim nemo in nisi dolores. Perferendis corporis repudiandae facere minus non animi.\n\nTenetur ut unde iusto rem qui ex. Et beatae necessitatibus eligendi neque rerum magni quia consequatur. Et dolorem qui commodi atque inventore.\n\nCulpa reiciendis aperiam amet et quae et et. Quia commodi enim sed. Impedit nam et ex sed doloribus.', 0, '2018-12-06 00:32:54', '2018-12-06 00:32:54'),
(94, 24, 'Autem vel aliquam eos libero accusamus.', 'Et eum autem cum sed adipisci quo ipsa. Iste autem voluptatem nihil in qui nihil. Nisi ut possimus esse modi blanditiis et.\n\nVel corporis accusantium aut unde ut mollitia. Tempora aut non voluptatem expedita culpa. Qui expedita aperiam officiis magnam quis. Et eos et fugit accusantium velit molestiae nemo odio. Iusto quos nulla architecto modi.\n\nDoloremque quidem voluptatibus recusandae consequatur exercitationem animi. A error molestiae illo ex omnis deleniti consequatur. Aspernatur quis culpa atque at. Nisi ipsam qui magni nobis quo.', 0, '2018-12-06 00:32:54', '2018-12-06 00:32:54'),
(95, 24, 'Neque vero ad consectetur autem vitae rerum facere sit.', 'Dolorem enim mollitia doloremque et ipsam. Alias sit dolore aperiam nesciunt deleniti. Voluptas qui excepturi quos beatae quam reprehenderit dolorem.\n\nQuis totam rerum velit quo magni eligendi. Iusto neque voluptatibus illum quae debitis. Ullam nulla odit numquam eligendi. Aut itaque ut et expedita quas aut consequatur dolorum. Ullam libero unde laboriosam corporis dolor dolorem.\n\nIllum harum nesciunt rem dignissimos eius consequatur vitae commodi. Modi asperiores itaque id excepturi quasi pariatur.\n\nVel eos a aspernatur culpa. Ea sapiente reprehenderit repudiandae cum exercitationem blanditiis voluptatem. Eveniet sapiente et esse veniam et neque nihil earum. Occaecati est sed ut enim qui sint nisi.\n\nAd temporibus optio ipsum occaecati necessitatibus ad eligendi et. Voluptatibus dicta aliquam velit omnis minima dignissimos consequatur. Itaque exercitationem voluptate ad ratione quia.\n\nMolestiae qui repudiandae nihil ipsum explicabo omnis. Vel eaque est dolorum. Sunt voluptate est adipisci odit et.\n\nAut culpa et quis eligendi. Doloribus numquam nulla sint. Qui architecto pariatur quasi cupiditate eum omnis est. Nesciunt quidem dolorum perspiciatis et.\n\nTempora sunt ipsam laborum repudiandae. Non quia tempore quia. Aut magni aut excepturi deserunt possimus. Provident et repellendus nobis voluptate nam aut.\n\nNon temporibus vitae sint. Nostrum tempora blanditiis quos iure rerum repellendus. Et est inventore voluptatibus voluptas. Autem ullam corporis aut dicta.\n\nVoluptatem iure nobis id sint commodi blanditiis sint. Mollitia optio aut voluptas accusamus sapiente mollitia. Nisi consequatur eligendi at id occaecati inventore. Nihil mollitia pariatur distinctio animi aut temporibus numquam.', 1, '2018-12-06 00:32:54', '2018-12-06 00:32:54'),
(96, 24, 'Et officia aut ab laborum nisi velit eius.', 'Explicabo ab iure neque aut molestiae iure. Iste vitae odio assumenda aut et labore ipsam. Ipsa harum quis blanditiis voluptas iste. Et quo quia autem sunt dolorem tenetur. Unde dolores dolorem quaerat consequatur.\n\nSint magni repudiandae eius fugit ea. Et dolore aut nobis asperiores unde enim. Est officia qui modi et magni.\n\nEt laborum incidunt totam sit. Inventore veniam nam autem error aspernatur porro. Et iure et qui ratione eum accusamus. Cupiditate quam repellat soluta explicabo unde illum quos in.\n\nVel eligendi iusto esse qui. Laboriosam inventore repellat facilis rerum. Numquam corporis autem voluptatibus mollitia quia at minus. Tempora a numquam rerum corporis laudantium.\n\nVero rerum ipsa nihil quasi nihil sequi. Modi quia impedit fugit dolorum quasi ut pariatur impedit.\n\nDistinctio earum minus autem. Sequi qui reprehenderit similique aut. Molestiae at ut eos nihil.', 0, '2018-12-06 00:32:54', '2018-12-06 00:32:54'),
(97, 25, 'Eos vero veniam est nihil.', 'Optio dolores molestiae tempora consequatur. Et consectetur consequatur mollitia. Beatae tenetur voluptas fugit itaque blanditiis sed ducimus. Laudantium et et dolorem asperiores omnis reiciendis natus.\n\nEos et facilis quidem rerum. Tempore esse explicabo voluptatibus ut ut totam. Odit cumque adipisci assumenda ducimus labore asperiores. Non sapiente quaerat labore.\n\nEt et ut inventore fuga vel voluptatem sit. Soluta est magni saepe error magnam consectetur. Voluptas magnam veritatis libero.\n\nSed accusantium deleniti non quasi. Aut quis non id aut labore expedita odio. Nulla dolor nulla vitae saepe velit maxime ipsum. Praesentium porro quia voluptatum iusto.', 0, '2018-12-06 00:32:54', '2018-12-06 00:32:54'),
(98, 25, 'Cumque ad voluptatum voluptatem.', 'Dolor molestias voluptatem velit possimus ea aut dicta. Dolorum facere autem rem quos. Corporis dignissimos enim ut excepturi qui.\n\nUt repellat et qui sint. Et necessitatibus et omnis fugiat. Consequatur quisquam officiis dignissimos a quasi esse fugit voluptatem.\n\nMinus harum aliquid aliquid enim. Nesciunt sed amet qui placeat magnam ab. Non odio error dicta vel aut totam at.\n\nVelit reprehenderit labore voluptatem id. Nihil omnis fugit numquam rerum vero quos facere consequatur. Excepturi porro cum quia ratione nesciunt autem animi. Aliquam beatae rerum animi cum.\n\nEst dolores sed temporibus modi. Aut consequatur debitis explicabo quo voluptas. Fugiat earum amet ut minima est sint. Perferendis et molestias et est harum velit exercitationem quidem.\n\nDebitis quasi ut est est ea optio sit. In exercitationem in alias tempora exercitationem tempora laudantium molestiae. Non quo eaque sunt.\n\nDicta velit atque officia nisi aut. Labore aut recusandae fuga. Beatae ex qui eligendi placeat qui.\n\nPariatur fugiat sunt vitae saepe. Aspernatur harum placeat officiis modi eveniet fuga voluptatibus. Harum minima provident blanditiis voluptatem consequatur accusantium tempore aliquid.\n\nEst dolor et magnam quia fuga laboriosam. Enim excepturi ipsa animi et harum dolores assumenda. Ut totam ad quos nostrum labore. In aut et corrupti est aliquam praesentium voluptates. Illum enim reprehenderit officiis quo consequatur sint.', 0, '2018-12-06 00:32:54', '2018-12-06 00:32:54'),
(99, 25, 'Veniam inventore qui aut dolor architecto.', 'Dolores quisquam quis et eligendi. Iusto mollitia eos ut sapiente. Eum asperiores magni ut nulla qui numquam. Quia ut voluptas voluptatem sit blanditiis ab.\n\nIn repellendus consectetur nihil alias. Iure eum esse possimus dolorem enim voluptas aut. Incidunt pariatur error tempora impedit.\n\nFacere praesentium qui qui voluptatem inventore. Qui consequuntur qui sit odio vero assumenda. Iste omnis eos modi quis.\n\nDignissimos dolorem commodi est necessitatibus magnam. Maiores qui eum sit facilis sit doloremque aspernatur molestiae.\n\nAtque labore itaque voluptate ut sit repellendus quisquam. A deserunt vero placeat ex. Dolor error ut maiores vel debitis eum aliquid.\n\nFacilis totam accusantium asperiores. Et sunt distinctio expedita culpa sapiente sunt eligendi. Aut sint maiores tenetur fugiat nihil. Corrupti distinctio veritatis ut accusamus.\n\nTempore et molestias accusantium eum qui. Qui voluptatibus at dolorum sunt ut et iusto. Quia voluptatum laudantium odio aliquam accusantium mollitia dolorem. Praesentium molestiae velit consequuntur cupiditate quibusdam nihil blanditiis sit.\n\nEst omnis ratione iste ab harum temporibus fugit aut. Aut qui dignissimos aut amet. Cum ut et voluptatem eum dolores voluptatem expedita cum. Delectus eveniet sunt reiciendis ducimus temporibus ut.', 1, '2018-12-06 00:32:54', '2018-12-06 00:32:54'),
(100, 25, 'Repellat cumque enim eveniet voluptatem nisi consequuntur sequi.', 'Repellendus minima eos sit dolor in veritatis. Illo consequatur eaque veritatis qui aliquid voluptatibus facilis officia. Sunt nostrum doloremque occaecati labore. Amet ab ut autem ea qui sapiente rerum ex. Voluptatum est optio odit consectetur quidem laborum omnis.\n\nUnde libero et alias expedita nemo quis. Dicta accusantium occaecati sed fugit ad laborum iste qui. Repellat ut quas ducimus cumque quam odit quam. Aut exercitationem quis sunt vero.\n\nQuia sequi temporibus similique reiciendis ipsum. Repellendus consectetur ut nihil rerum. Nemo rerum suscipit modi itaque dolores. Deleniti maiores in beatae optio.', 0, '2018-12-06 00:32:54', '2018-12-06 00:32:54');

-- --------------------------------------------------------

--
-- Table structure for table `users`
--

CREATE TABLE `users` (
  `id` int(10) UNSIGNED NOT NULL,
  `name` varchar(191) COLLATE utf8mb4_unicode_ci NOT NULL,
  `email` varchar(191) COLLATE utf8mb4_unicode_ci DEFAULT NULL,
  `password` varchar(191) COLLATE utf8mb4_unicode_ci DEFAULT NULL,
  `api_token` varchar(60) COLLATE utf8mb4_unicode_ci NOT NULL,
  `remember_token` varchar(100) COLLATE utf8mb4_unicode_ci DEFAULT NULL,
  `created_at` timestamp NULL DEFAULT NULL,
  `updated_at` timestamp NULL DEFAULT NULL
) ENGINE=InnoDB DEFAULT CHARSET=utf8mb4 COLLATE=utf8mb4_unicode_ci;

--
-- Dumping data for table `users`
--

INSERT INTO `users` (`id`, `name`, `email`, `password`, `api_token`, `remember_token`, `created_at`, `updated_at`) VALUES
(1, 'Ethyl Bergnaum', 'nathanial.wintheiser@example.net', '$2y$10$a5yRn/5MFBneQSc96ReGk.XkyBLV.kzMcMW6KL7OhQzMkXMMF/AUu', 'mSY4qBwt29weApU1L2g9iQu3YT9qcb3SuhhdclLIFCo4YkxukRB1cyygsc9v', 'BkCtawFdeAcbdDfxim93yowPR1IxvVPWaqJnlqh2DrMAoVL32hG33R3Y9TXb', '2018-12-06 00:32:54', '2018-12-06 00:32:54'),
(2, 'Karli Volkman', 'tremblay.willis@example.net', '$2y$10$a5yRn/5MFBneQSc96ReGk.XkyBLV.kzMcMW6KL7OhQzMkXMMF/AUu', '3EORSTvpfhlwmNEvkHYHlXOVj71dx5J15t3c5c5vG35Hhq9cTo7uQHpW1lXR', 'kH0yf3IFcUG7qEN2ffPEs34OG4bMcGBzbtPZSDJRP9wlIbQCJcT40ilG1ucr', '2018-12-06 00:32:54', '2018-12-06 00:32:54'),
(3, 'Anibal Pouros', 'magdalen77@example.net', '$2y$10$a5yRn/5MFBneQSc96ReGk.XkyBLV.kzMcMW6KL7OhQzMkXMMF/AUu', 'iMmivWqohIcuOWPM40gr81KsDP41oUxFn8KWZRNmUP8nLCq9rSwSANW2ZPpB', '1XCGrXx2qyeWoXolJyBXZjTEg2WC719tNv8NyXl7QyTZEyBQLDfDl3qscjDd', '2018-12-06 00:32:54', '2018-12-06 00:32:54'),
(4, 'Liana Champlin', 'daniel.gerda@example.org', '$2y$10$a5yRn/5MFBneQSc96ReGk.XkyBLV.kzMcMW6KL7OhQzMkXMMF/AUu', 'qkkDnDn1aX13QjnGoeHIcaWvv27jY6kuClLx6SYZeqXYwr2eN2QZTQR6iU06', 'F22BwSfcE6xiQJ8ZcbZmPyATIzp56oPVBHRTK2AnoXgU32hpi0WmhjWyPhrR', '2018-12-06 00:32:54', '2018-12-06 00:32:54'),
(5, 'Miss Gretchen Langworth DVM', 'amber.windler@example.org', '$2y$10$a5yRn/5MFBneQSc96ReGk.XkyBLV.kzMcMW6KL7OhQzMkXMMF/AUu', 'ojIN37qEY3TCLvXqeLhPpKuJsia8009tn1jG3rh4l5ANqd6rx6BnXPPb5Kgs', 'uAxDN9EMBG', '2018-12-06 00:32:54', '2018-12-06 00:32:54'),
(6, 'Eugenia Schuster', 'simeon87@example.com', '$2y$10$a5yRn/5MFBneQSc96ReGk.XkyBLV.kzMcMW6KL7OhQzMkXMMF/AUu', 'yDIfewGjnCGpSaJdVsOI8UtAMnuIlmsqwqXAw3JqP1EYcn6VGthjRiuO6jfk', 'KAAkWvjbpowbErrubimpiGKThwQAo14djKh6pbWtRsOP9ejVYJ5q4mCgUn4Z', '2018-12-06 00:32:54', '2018-12-06 00:32:54'),
(7, 'Elva Hills II', 'jast.malika@example.com', '$2y$10$a5yRn/5MFBneQSc96ReGk.XkyBLV.kzMcMW6KL7OhQzMkXMMF/AUu', 'iv9yKPVZI9OZKU5BXcWUaggVpatG44dyX3EqaCThEOPOYmfcyB632Nf3Llxf', 'yw2aTUO0mXGHm74J0lIyHyl9lc1onjIYuuWMP1pPqHX8WeAPd2U0cJ3QY4FB', '2018-12-06 00:32:54', '2018-12-06 00:32:54'),
(8, 'Miss Vincenza Glover DDS', 'cartwright.maribel@example.org', '$2y$10$a5yRn/5MFBneQSc96ReGk.XkyBLV.kzMcMW6KL7OhQzMkXMMF/AUu', 'lwiZtY3BUqTjzSCJh4QKXgRrQAvUiIB9FvyPmf9vX8ybBKnCflgvQRNcgssv', '4LcGJgbVt5', '2018-12-06 00:32:54', '2018-12-06 00:32:54'),
(9, 'Erika Schneider', 'cristobal29@example.com', '$2y$10$a5yRn/5MFBneQSc96ReGk.XkyBLV.kzMcMW6KL7OhQzMkXMMF/AUu', '01mvLHZnq6hcI3D6uw6aAjRJnGcvx3YSVt0Y44A4lFqd9sVZ8biR3ExHwcGz', 'OZ4voH4uiz', '2018-12-06 00:32:54', '2018-12-06 00:32:54'),
(10, 'Ettie Homenick', 'kendall17@example.com', '$2y$10$a5yRn/5MFBneQSc96ReGk.XkyBLV.kzMcMW6KL7OhQzMkXMMF/AUu', 'MvxLYBCcnY19XiixxBsYP47pMy0OrQqctZiUIjxNxF7uwoxEo0UCmBw83ZT6', 'OeNto4ZIzF', '2018-12-06 00:32:54', '2018-12-06 00:32:54'),
(11, 'Polly Bauch', 'wswift@example.net', '$2y$10$a5yRn/5MFBneQSc96ReGk.XkyBLV.kzMcMW6KL7OhQzMkXMMF/AUu', '7GZUVAk8OZhHjqrKjbtj4KftohQUYazzdtAOYPKLkiLopeki9q27KNusYEqp', 'iG9bopgYJhWFY0WYxIMDaWM45Ng9JcqRaCrzsZV6zpPPqGNYSZmIvEIIthCG', '2018-12-06 00:32:54', '2018-12-06 00:32:54'),
(12, 'Georgette Reilly', 'kayley.lang@example.com', '$2y$10$a5yRn/5MFBneQSc96ReGk.XkyBLV.kzMcMW6KL7OhQzMkXMMF/AUu', 'Mh0OI2ZsM6uTaxuDsdxmgQUJItFWhxUN96LWTu8IC6cAkOnKWHlfcgM2ZEJ0', 'QvrQLeurX03RZ9YRZzfclgPC2XJ733oJsZZ9EuOuq0cMipU5gWobnGzVVFbs', '2018-12-06 00:32:54', '2018-12-06 00:32:54'),
(13, 'Mya Mertz', 'wayne85@example.net', '$2y$10$a5yRn/5MFBneQSc96ReGk.XkyBLV.kzMcMW6KL7OhQzMkXMMF/AUu', 'PNytJ4NHNH2LK7GjWjL0ndpxzkkRSNxsajXGYespoPPjaH6jzJzD1TahwXtf', 'chWiax4ZwB', '2018-12-06 00:32:54', '2018-12-06 00:32:54'),
(14, 'Alta King', 'tkoepp@example.org', '$2y$10$a5yRn/5MFBneQSc96ReGk.XkyBLV.kzMcMW6KL7OhQzMkXMMF/AUu', 'jKhP63w7px1aPPAyVnbEWBVl7dHQX93lhxCZTud4qK9Afu2IVcTAO1jgmmbC', 'Uqj8Guzg4L', '2018-12-06 00:32:54', '2018-12-06 00:32:54'),
(15, 'Vaughn Hettinger', 'elvera20@example.com', '$2y$10$a5yRn/5MFBneQSc96ReGk.XkyBLV.kzMcMW6KL7OhQzMkXMMF/AUu', 'CAPTBrh6jutUSg8o4NcM8w5FTdbqmsdaXM2nefPIbLkwrA3y2fOPWttiKD4v', 'CgWYdxVxrM', '2018-12-06 00:32:54', '2018-12-06 00:32:54'),
(16, 'Dr. Reynold Bruen DVM', 'roberta.bayer@example.net', '$2y$10$a5yRn/5MFBneQSc96ReGk.XkyBLV.kzMcMW6KL7OhQzMkXMMF/AUu', 'PuDlAdHRLf4SGD5OAPWaaXssOm2NoUx1WThXuV0rmF1THXLEgKnf8EhzWdyT', 'S9MDSYUZxcGMVi8R9uxIdeYy749QvvTBHfH8OXlA37HY3aTjhEgB7ZrOUXYi', '2018-12-06 00:32:54', '2018-12-06 00:32:54'),
(17, 'Jon Grant', 'ugleason@example.com', '$2y$10$a5yRn/5MFBneQSc96ReGk.XkyBLV.kzMcMW6KL7OhQzMkXMMF/AUu', 'gCAJP8JAfnIwujozn8EBQtGQOwSijVxAK242UThblv39Lil73BATOBQ1yUUL', 'dwEBkSp1id', '2018-12-06 00:32:54', '2018-12-06 00:32:54'),
(18, 'Dr. Branson Haag', 'mariane.grady@example.org', '$2y$10$a5yRn/5MFBneQSc96ReGk.XkyBLV.kzMcMW6KL7OhQzMkXMMF/AUu', 'lSX9yWeSJUU3nhrZLidA3SGYFIS4R1u3voksECZu2Pln4QZPHA1mBC59MMzW', 'Xe1OTSPBS8', '2018-12-06 00:32:54', '2018-12-06 00:32:54'),
(19, 'Keely Hagenes Jr.', 'hyatt.brennan@example.com', '$2y$10$a5yRn/5MFBneQSc96ReGk.XkyBLV.kzMcMW6KL7OhQzMkXMMF/AUu', 'Tkp1v4M2uw6510yYmRUJFk2sPCTDEZn4heTQWTrKpiRrMnIOn5fVb0kmXwY3', '2rlpasaLkM', '2018-12-06 00:32:54', '2018-12-06 00:32:54'),
(20, 'Prof. Juston Breitenberg', 'bwolff@example.org', '$2y$10$a5yRn/5MFBneQSc96ReGk.XkyBLV.kzMcMW6KL7OhQzMkXMMF/AUu', 'Mqay3XXyrAOKvraR4OeXgzUEfx5kadjVxPweTYpsWM1SFtQlc2W22aJgZlXO', 'LqQQv8aVg1', '2018-12-06 00:32:54', '2018-12-06 00:32:54'),
(21, 'Travon Kuvalis', 'toy.mccullough@example.com', '$2y$10$a5yRn/5MFBneQSc96ReGk.XkyBLV.kzMcMW6KL7OhQzMkXMMF/AUu', 'x1uYFIWeR6Hg3EeLMKWw5TFmZqA6SAXdKMhYdQMlr74Bv5Q51s3CD8dwjOwn', '8LyM0Ij7Lb', '2018-12-06 00:32:54', '2018-12-06 00:32:54'),
(22, 'Allen Schmitt', 'john.kunze@example.com', '$2y$10$a5yRn/5MFBneQSc96ReGk.XkyBLV.kzMcMW6KL7OhQzMkXMMF/AUu', 'opqJH0EXWtpwXz3WPI4Vs9JKJLkivrA8WFJHyq7jHBeHP1EyLMRHRLoFobVT', 'NNHPNqHTKy', '2018-12-06 00:32:54', '2018-12-06 00:32:54'),
(23, 'Prof. Jeramie Lind I', 'dannie.hilpert@example.org', '$2y$10$a5yRn/5MFBneQSc96ReGk.XkyBLV.kzMcMW6KL7OhQzMkXMMF/AUu', 'rYBbw89jRnC4ahzMef2CPALzVdYXFYhB9uCHQ571Bt5XVUH5JfnnLXqTJE8k', '98krs3pxpp', '2018-12-06 00:32:54', '2018-12-06 00:32:54'),
(24, 'Icie White', 'annie.waters@example.org', '$2y$10$a5yRn/5MFBneQSc96ReGk.XkyBLV.kzMcMW6KL7OhQzMkXMMF/AUu', 'cqDZAsHzvJG3b9SAhPEqwicHoq0mMhs0drV7ffqOIBKUrrurw2ILrjTzqnyk', '1N7fXOqad3', '2018-12-06 00:32:54', '2018-12-06 00:32:54'),
(25, 'Prudence Stehr', 'fkuvalis@example.com', '$2y$10$a5yRn/5MFBneQSc96ReGk.XkyBLV.kzMcMW6KL7OhQzMkXMMF/AUu', '1csuL4WsenYLxajkduc12mpI4SSKcRmdBFHqKFgZhEI9RPD7U9VW81VaYpJj', '6hOYbqeJBO', '2018-12-06 00:32:54', '2018-12-06 00:32:54');

--
-- Indexes for dumped tables
--

--
-- Indexes for table `comments`
--
ALTER TABLE `comments`
  ADD PRIMARY KEY (`id`);

--
-- Indexes for table `migrations`
--
ALTER TABLE `migrations`
  ADD PRIMARY KEY (`id`);

--
-- Indexes for table `password_resets`
--
ALTER TABLE `password_resets`
  ADD KEY `password_resets_email_index` (`email`);

--
-- Indexes for table `posts`
--
ALTER TABLE `posts`
  ADD PRIMARY KEY (`id`);

--
-- Indexes for table `users`
--
ALTER TABLE `users`
  ADD PRIMARY KEY (`id`),
  ADD UNIQUE KEY `users_api_token_unique` (`api_token`);

--
-- AUTO_INCREMENT for dumped tables
--

--
-- AUTO_INCREMENT for table `comments`
--
ALTER TABLE `comments`
  MODIFY `id` int(10) UNSIGNED NOT NULL AUTO_INCREMENT, AUTO_INCREMENT=43;

--
-- AUTO_INCREMENT for table `migrations`
--
ALTER TABLE `migrations`
  MODIFY `id` int(10) UNSIGNED NOT NULL AUTO_INCREMENT, AUTO_INCREMENT=5;

--
-- AUTO_INCREMENT for table `posts`
--
ALTER TABLE `posts`
  MODIFY `id` int(10) UNSIGNED NOT NULL AUTO_INCREMENT, AUTO_INCREMENT=101;

--
-- AUTO_INCREMENT for table `users`
--
ALTER TABLE `users`
  MODIFY `id` int(10) UNSIGNED NOT NULL AUTO_INCREMENT, AUTO_INCREMENT=26;
COMMIT;

/*!40101 SET CHARACTER_SET_CLIENT=@OLD_CHARACTER_SET_CLIENT */;
/*!40101 SET CHARACTER_SET_RESULTS=@OLD_CHARACTER_SET_RESULTS */;
/*!40101 SET COLLATION_CONNECTION=@OLD_COLLATION_CONNECTION */;
